model_name,dataset_type,mse,pearson_corr,pearson_corr_without_mean,conf_matrix,mean_value,std_dev,skewness,kurt,vol,mean_over_vol,pos_ratio,neg_ratio,pos_neg_ratio
../results/xgboost_xgboost_cross_y3/thre_0.10655.json,train,1105.1037018825195,0.9832829267450205,0.9832968971616423,"[[0.49, 0.04], [0.05, 0.42]]",6.502597808837891,143.28150939941406,0.33462834247985895,0.04268221251029525,143.42898559570312,0.045336704701185226,0.46,0.54,0.8518518518518519
../results/xgboost_xgboost_cross_y3/thre_0.10655.json,val,1105.1037018825195,0.9832829267450205,0.9832968971616423,"[[0.49, 0.04], [0.05, 0.42]]",6.502597808837891,143.28150939941406,0.33462834247985895,0.04268221251029525,143.42898559570312,0.045336704701185226,0.46,0.54,0.8518518518518519
../results/xgboost_xgboost_cross_y3/thre_0.10655.json,test,1105.1037018825195,0.9832829267450205,0.9832968971616423,"[[0.49, 0.04], [0.05, 0.42]]",6.502597808837891,143.28150939941406,0.33462834247985895,0.04268221251029525,143.42898559570312,0.045336704701185226,0.46,0.54,0.8518518518518519
../results/xgboost_xgboost_cross_y3/thre_0.10655.json,train_pos,1037.5226311819722,0.9705138094362504,0.9888649707214837,"[[0.0, 0.08695652173913043], [0.0, 0.9130434782608695]]",130.36090087890625,98.29547119140625,0.7785778124260624,-0.029760318127582952,163.2665557861328,0.7984544038772583,1.0,0.0,inf
../results/xgboost_xgboost_cross_y3/thre_0.10655.json,val_pos,1037.5226311819722,0.9705138094362504,0.9888649707214837,"[[0.0, 0.08695652173913043], [0.0, 0.9130434782608695]]",130.36090087890625,98.29547119140625,0.7785778124260624,-0.029760318127582952,163.2665557861328,0.7984544038772583,1.0,0.0,inf
../results/xgboost_xgboost_cross_y3/thre_0.10655.json,test_pos,1037.5226311819722,0.9705138094362504,0.9888649707214837,"[[0.0, 0.08695652173913043], [0.0, 0.9130434782608695]]",130.36090087890625,98.29547119140625,0.7785778124260624,-0.029760318127582952,163.2665557861328,0.7984544038772583,1.0,0.0,inf
../results/xgboost_xgboost_cross_y3/results.json,train,0.49400180661026594,0.9999945116965665,0.999994502478012,"[[0.53, 0.0], [0.0, 0.47]]",6.426666736602783,161.03211975097656,0.32201633914145167,-0.14312999104665192,161.16030883789062,0.039877478033304214,0.47,0.53,0.8867924528301886
../results/xgboost_xgboost_cross_y3/results.json,val,0.49400180661026594,0.9999945116965665,0.999994502478012,"[[0.53, 0.0], [0.0, 0.47]]",6.426666736602783,161.03211975097656,0.32201633914145167,-0.14312999104665192,161.16030883789062,0.039877478033304214,0.47,0.53,0.8867924528301886
../results/xgboost_xgboost_cross_y3/results.json,test,0.49400180661026594,0.9999945116965665,0.999994502478012,"[[0.53, 0.0], [0.0, 0.47]]",6.426666736602783,161.03211975097656,0.32201633914145167,-0.14312999104665192,161.16030883789062,0.039877478033304214,0.47,0.53,0.8867924528301886
../results/xgboost_xgboost_cross_y3/results.json,train_pos,0.4212212351404039,0.9999896735803873,0.9999961711603755,[[1.0]],143.14923095703125,109.36677551269531,0.7365393167043726,-0.22970682425827205,180.1465606689453,0.7946264743804932,1.0,0.0,inf
../results/xgboost_xgboost_cross_y3/results.json,val_pos,0.4212212351404039,0.9999896735803873,0.9999961711603755,[[1.0]],143.14923095703125,109.36677551269531,0.7365393167043726,-0.22970682425827205,180.1465606689453,0.7946264743804932,1.0,0.0,inf
../results/xgboost_xgboost_cross_y3/results.json,test_pos,0.4212212351404039,0.9999896735803873,0.9999961711603755,[[1.0]],143.14923095703125,109.36677551269531,0.7365393167043726,-0.22970682425827205,180.1465606689453,0.7946264743804932,1.0,0.0,inf
../results/xgboost_xgboost_cross_y3/thre_0.02252.json,train,9.138034050500577,0.9998452815770936,0.999845496194748,"[[0.53, 0.0], [0.0, 0.47]]",6.409329891204834,160.42933654785156,0.32730659785678823,-0.13762395605000766,160.55731201171875,0.03991926461458206,0.47,0.53,0.8867924528301886
../results/xgboost_xgboost_cross_y3/thre_0.02252.json,val,9.138034050500577,0.9998452815770936,0.999845496194748,"[[0.53, 0.0], [0.0, 0.47]]",6.409329891204834,160.42933654785156,0.32730659785678823,-0.13762395605000766,160.55731201171875,0.03991926461458206,0.47,0.53,0.8867924528301886
../results/xgboost_xgboost_cross_y3/thre_0.02252.json,test,9.138034050500577,0.9998452815770936,0.999845496194748,"[[0.53, 0.0], [0.0, 0.47]]",6.409329891204834,160.42933654785156,0.32730659785678823,-0.13762395605000766,160.55731201171875,0.03991926461458206,0.47,0.53,0.8867924528301886
../results/xgboost_xgboost_cross_y3/thre_0.02252.json,train_pos,6.9543724059233,0.9997572856223874,0.9999065816699085,[[1.0]],142.46495056152344,109.38282775878906,0.7329951286588589,-0.24090406471164583,179.61309814453125,0.7931768298149109,1.0,0.0,inf
../results/xgboost_xgboost_cross_y3/thre_0.02252.json,val_pos,6.9543724059233,0.9997572856223874,0.9999065816699085,[[1.0]],142.46495056152344,109.38282775878906,0.7329951286588589,-0.24090406471164583,179.61309814453125,0.7931768298149109,1.0,0.0,inf
../results/xgboost_xgboost_cross_y3/thre_0.02252.json,test_pos,6.9543724059233,0.9997572856223874,0.9999065816699085,[[1.0]],142.46495056152344,109.38282775878906,0.7329951286588589,-0.24090406471164583,179.61309814453125,0.7931768298149109,1.0,0.0,inf
../results/xgboost_xgboost_cross_y3/thre_0.00486.json,train,0.8525059600954628,0.9999884286492111,0.9999884224610327,"[[0.53, 0.0], [0.0, 0.47]]",6.410768985748291,160.98744201660156,0.3234039426950641,-0.1404707465784223,161.1150360107422,0.03979001194238663,0.47,0.53,0.8867924528301886
../results/xgboost_xgboost_cross_y3/thre_0.00486.json,val,0.8525059600954628,0.9999884286492111,0.9999884224610327,"[[0.53, 0.0], [0.0, 0.47]]",6.410768985748291,160.98744201660156,0.3234039426950641,-0.1404707465784223,161.1150360107422,0.03979001194238663,0.47,0.53,0.8867924528301886
../results/xgboost_xgboost_cross_y3/thre_0.00486.json,test,0.8525059600954628,0.9999884286492111,0.9999884224610327,"[[0.53, 0.0], [0.0, 0.47]]",6.410768985748291,160.98744201660156,0.3234039426950641,-0.1404707465784223,161.1150360107422,0.03979001194238663,0.47,0.53,0.8867924528301886
../results/xgboost_xgboost_cross_y3/thre_0.00486.json,train_pos,0.6184925445589817,0.9999827710993889,0.9999931877809982,[[1.0]],143.08348083496094,109.42851257324219,0.7356817898772986,-0.23069683861827261,180.13186645507812,0.7943263053894043,1.0,0.0,inf
../results/xgboost_xgboost_cross_y3/thre_0.00486.json,val_pos,0.6184925445589817,0.9999827710993889,0.9999931877809982,[[1.0]],143.08348083496094,109.42851257324219,0.7356817898772986,-0.23069683861827261,180.13186645507812,0.7943263053894043,1.0,0.0,inf
../results/xgboost_xgboost_cross_y3/thre_0.00486.json,test_pos,0.6184925445589817,0.9999827710993889,0.9999931877809982,[[1.0]],143.08348083496094,109.42851257324219,0.7356817898772986,-0.23069683861827261,180.13186645507812,0.7943263053894043,1.0,0.0,inf
../results/xgboost_xgboost_cross_y3/thre_0.01126.json,train,4.245464903035984,0.9999327995973518,0.9999329085603181,"[[0.53, 0.0], [0.0, 0.47]]",6.397032260894775,160.61683654785156,0.3233455935961212,-0.1446286033325368,160.74417114257812,0.03979635611176491,0.47,0.53,0.8867924528301886
../results/xgboost_xgboost_cross_y3/thre_0.01126.json,val,4.245464903035984,0.9999327995973518,0.9999329085603181,"[[0.53, 0.0], [0.0, 0.47]]",6.397032260894775,160.61683654785156,0.3233455935961212,-0.1446286033325368,160.74417114257812,0.03979635611176491,0.47,0.53,0.8867924528301886
../results/xgboost_xgboost_cross_y3/thre_0.01126.json,test,4.245464903035984,0.9999327995973518,0.9999329085603181,"[[0.53, 0.0], [0.0, 0.47]]",6.397032260894775,160.61683654785156,0.3233455935961212,-0.1446286033325368,160.74417114257812,0.03979635611176491,0.47,0.53,0.8867924528301886
../results/xgboost_xgboost_cross_y3/thre_0.01126.json,train_pos,3.3314872286408233,0.9998923485071257,0.9999597809177548,[[1.0]],142.72781372070312,109.19812774658203,0.7328941144740957,-0.2422888665834897,179.70936584472656,0.79421466588974,1.0,0.0,inf
../results/xgboost_xgboost_cross_y3/thre_0.01126.json,val_pos,3.3314872286408233,0.9998923485071257,0.9999597809177548,[[1.0]],142.72781372070312,109.19812774658203,0.7328941144740957,-0.2422888665834897,179.70936584472656,0.79421466588974,1.0,0.0,inf
../results/xgboost_xgboost_cross_y3/thre_0.01126.json,test_pos,3.3314872286408233,0.9998923485071257,0.9999597809177548,[[1.0]],142.72781372070312,109.19812774658203,0.7328941144740957,-0.2422888665834897,179.70936584472656,0.79421466588974,1.0,0.0,inf
../results/xgboost_xgboost_cross_y3/thre_0.01649.json,train,3.8312371323473826,0.9999380843453543,0.999938187349469,"[[0.53, 0.0], [0.0, 0.47]]",6.407329082489014,160.70236206054688,0.32274146082736005,-0.1456032410815582,160.83004760742188,0.03983912989497185,0.47,0.53,0.8867924528301886
../results/xgboost_xgboost_cross_y3/thre_0.01649.json,val,3.8312371323473826,0.9999380843453543,0.999938187349469,"[[0.53, 0.0], [0.0, 0.47]]",6.407329082489014,160.70236206054688,0.32274146082736005,-0.1456032410815582,160.83004760742188,0.03983912989497185,0.47,0.53,0.8867924528301886
../results/xgboost_xgboost_cross_y3/thre_0.01649.json,test,3.8312371323473826,0.9999380843453543,0.999938187349469,"[[0.53, 0.0], [0.0, 0.47]]",6.407329082489014,160.70236206054688,0.32274146082736005,-0.1456032410815582,160.83004760742188,0.03983912989497185,0.47,0.53,0.8867924528301886
../results/xgboost_xgboost_cross_y3/thre_0.01649.json,train_pos,2.963181431705125,0.9999008372635418,0.9999633365738455,[[1.0]],142.8528289794922,109.17626953125,0.7337840975846815,-0.237586729631579,179.79541015625,0.794529914855957,1.0,0.0,inf
../results/xgboost_xgboost_cross_y3/thre_0.01649.json,val_pos,2.963181431705125,0.9999008372635418,0.9999633365738455,[[1.0]],142.8528289794922,109.17626953125,0.7337840975846815,-0.237586729631579,179.79541015625,0.794529914855957,1.0,0.0,inf
../results/xgboost_xgboost_cross_y3/thre_0.01649.json,test_pos,2.963181431705125,0.9999008372635418,0.9999633365738455,[[1.0]],142.8528289794922,109.17626953125,0.7337840975846815,-0.237586729631579,179.79541015625,0.794529914855957,1.0,0.0,inf
../results/xgboost_xgboost_cross_y3/thre_0.11262.json,train,2752.2705595670163,0.9574631374507228,0.9575065788657605,"[[0.49, 0.04], [0.03, 0.44]]",6.347784519195557,130.51797485351562,0.4509178812730333,0.5119684783445941,130.6722412109375,0.04857791215181351,0.48,0.52,0.923076923076923
../results/xgboost_xgboost_cross_y3/thre_0.11262.json,val,2752.2705595670163,0.9574631374507228,0.9575065788657605,"[[0.49, 0.04], [0.03, 0.44]]",6.347784519195557,130.51797485351562,0.4509178812730333,0.5119684783445941,130.6722412109375,0.04857791215181351,0.48,0.52,0.923076923076923
../results/xgboost_xgboost_cross_y3/thre_0.11262.json,test,2752.2705595670163,0.9574631374507228,0.9575065788657605,"[[0.49, 0.04], [0.03, 0.44]]",6.347784519195557,130.51797485351562,0.4509178812730333,0.5119684783445941,130.6722412109375,0.04857791215181351,0.48,0.52,0.923076923076923
../results/xgboost_xgboost_cross_y3/thre_0.11262.json,train_pos,3412.402767151196,0.8997673120093554,0.9548297575516966,"[[0.0, 0.08333333333333333], [0.0, 0.9166666666666666]]",108.82291412353516,99.90985870361328,0.9101168189407248,0.07810685391750782,147.73085021972656,0.7366296052932739,1.0,0.0,inf
../results/xgboost_xgboost_cross_y3/thre_0.11262.json,val_pos,3412.402767151196,0.8997673120093554,0.9548297575516966,"[[0.0, 0.08333333333333333], [0.0, 0.9166666666666666]]",108.82291412353516,99.90985870361328,0.9101168189407248,0.07810685391750782,147.73085021972656,0.7366296052932739,1.0,0.0,inf
../results/xgboost_xgboost_cross_y3/thre_0.11262.json,test_pos,3412.402767151196,0.8997673120093554,0.9548297575516966,"[[0.0, 0.08333333333333333], [0.0, 0.9166666666666666]]",108.82291412353516,99.90985870361328,0.9101168189407248,0.07810685391750782,147.73085021972656,0.7366296052932739,1.0,0.0,inf
../results/xgboost_xgboost_cross_y3/thre_0.03926.json,train,56.05992663117283,0.9990149740174057,0.9990160707344392,"[[0.52, 0.01], [0.01, 0.46]]",6.4761643409729,159.1602783203125,0.33738024935485006,-0.1271232405355902,159.29197692871094,0.04065593704581261,0.47,0.53,0.8867924528301886
../results/xgboost_xgboost_cross_y3/thre_0.03926.json,val,56.05992663117283,0.9990149740174057,0.9990160707344392,"[[0.52, 0.01], [0.01, 0.46]]",6.4761643409729,159.1602783203125,0.33738024935485006,-0.1271232405355902,159.29197692871094,0.04065593704581261,0.47,0.53,0.8867924528301886
../results/xgboost_xgboost_cross_y3/thre_0.03926.json,test,56.05992663117283,0.9990149740174057,0.9990160707344392,"[[0.52, 0.01], [0.01, 0.46]]",6.4761643409729,159.1602783203125,0.33738024935485006,-0.1271232405355902,159.29197692871094,0.04065593704581261,0.47,0.53,0.8867924528301886
../results/xgboost_xgboost_cross_y3/thre_0.03926.json,train_pos,50.39550029907346,0.9980554446897568,0.9992786756201061,"[[0.0, 0.02127659574468085], [0.0, 0.9787234042553191]]",141.6365966796875,108.78435516357422,0.7353182346351189,-0.22514333352973104,178.59158325195312,0.793075442314148,1.0,0.0,inf
../results/xgboost_xgboost_cross_y3/thre_0.03926.json,val_pos,50.39550029907346,0.9980554446897568,0.9992786756201061,"[[0.0, 0.02127659574468085], [0.0, 0.9787234042553191]]",141.6365966796875,108.78435516357422,0.7353182346351189,-0.22514333352973104,178.59158325195312,0.793075442314148,1.0,0.0,inf
../results/xgboost_xgboost_cross_y3/thre_0.03926.json,test_pos,50.39550029907346,0.9980554446897568,0.9992786756201061,"[[0.0, 0.02127659574468085], [0.0, 0.9787234042553191]]",141.6365966796875,108.78435516357422,0.7353182346351189,-0.22514333352973104,178.59158325195312,0.793075442314148,1.0,0.0,inf
../results/xgboost_xgboost_cross_y3/thre_0.03378.json,train,56.05992663117283,0.9990149740174057,0.9990160707344392,"[[0.52, 0.01], [0.01, 0.46]]",6.4761643409729,159.1602783203125,0.33738024935485006,-0.1271232405355902,159.29197692871094,0.04065593704581261,0.47,0.53,0.8867924528301886
../results/xgboost_xgboost_cross_y3/thre_0.03378.json,val,56.05992663117283,0.9990149740174057,0.9990160707344392,"[[0.52, 0.01], [0.01, 0.46]]",6.4761643409729,159.1602783203125,0.33738024935485006,-0.1271232405355902,159.29197692871094,0.04065593704581261,0.47,0.53,0.8867924528301886
../results/xgboost_xgboost_cross_y3/thre_0.03378.json,test,56.05992663117283,0.9990149740174057,0.9990160707344392,"[[0.52, 0.01], [0.01, 0.46]]",6.4761643409729,159.1602783203125,0.33738024935485006,-0.1271232405355902,159.29197692871094,0.04065593704581261,0.47,0.53,0.8867924528301886
../results/xgboost_xgboost_cross_y3/thre_0.03378.json,train_pos,50.39550029907346,0.9980554446897568,0.9992786756201061,"[[0.0, 0.02127659574468085], [0.0, 0.9787234042553191]]",141.6365966796875,108.78435516357422,0.7353182346351189,-0.22514333352973104,178.59158325195312,0.793075442314148,1.0,0.0,inf
../results/xgboost_xgboost_cross_y3/thre_0.03378.json,val_pos,50.39550029907346,0.9980554446897568,0.9992786756201061,"[[0.0, 0.02127659574468085], [0.0, 0.9787234042553191]]",141.6365966796875,108.78435516357422,0.7353182346351189,-0.22514333352973104,178.59158325195312,0.793075442314148,1.0,0.0,inf
../results/xgboost_xgboost_cross_y3/thre_0.03378.json,test_pos,50.39550029907346,0.9980554446897568,0.9992786756201061,"[[0.0, 0.02127659574468085], [0.0, 0.9787234042553191]]",141.6365966796875,108.78435516357422,0.7353182346351189,-0.22514333352973104,178.59158325195312,0.793075442314148,1.0,0.0,inf
../results/xgboost_xgboost_cross_y3/thre_0.06479.json,train,254.6848403976776,0.9959866806385022,0.995992217322161,"[[0.51, 0.02], [0.02, 0.45]]",6.329489707946777,154.07427978515625,0.3276332401369354,-0.08079366504559271,154.20423889160156,0.0410461463034153,0.47,0.53,0.8867924528301886
../results/xgboost_xgboost_cross_y3/thre_0.06479.json,val,254.6848403976776,0.9959866806385022,0.995992217322161,"[[0.51, 0.02], [0.02, 0.45]]",6.329489707946777,154.07427978515625,0.3276332401369354,-0.08079366504559271,154.20423889160156,0.0410461463034153,0.47,0.53,0.8867924528301886
../results/xgboost_xgboost_cross_y3/thre_0.06479.json,test,254.6848403976776,0.9959866806385022,0.995992217322161,"[[0.51, 0.02], [0.02, 0.45]]",6.329489707946777,154.07427978515625,0.3276332401369354,-0.08079366504559271,154.20423889160156,0.0410461463034153,0.47,0.53,0.8867924528301886
../results/xgboost_xgboost_cross_y3/thre_0.06479.json,train_pos,228.34440928632324,0.9927166841445266,0.9972782302417863,"[[0.0, 0.0425531914893617], [0.0, 0.9574468085106383]]",137.5640869140625,104.77200317382812,0.7438884701506208,-0.08193093948567798,172.91920471191406,0.7955396771430969,1.0,0.0,inf
../results/xgboost_xgboost_cross_y3/thre_0.06479.json,val_pos,228.34440928632324,0.9927166841445266,0.9972782302417863,"[[0.0, 0.0425531914893617], [0.0, 0.9574468085106383]]",137.5640869140625,104.77200317382812,0.7438884701506208,-0.08193093948567798,172.91920471191406,0.7955396771430969,1.0,0.0,inf
../results/xgboost_xgboost_cross_y3/thre_0.06479.json,test_pos,228.34440928632324,0.9927166841445266,0.9972782302417863,"[[0.0, 0.0425531914893617], [0.0, 0.9574468085106383]]",137.5640869140625,104.77200317382812,0.7438884701506208,-0.08193093948567798,172.91920471191406,0.7955396771430969,1.0,0.0,inf
../results/xgboost_xgboost_cross_y3/thre_0.00000.json,train,0.49400180661026594,0.9999945116965665,0.999994502478012,"[[0.53, 0.0], [0.0, 0.47]]",6.426666736602783,161.03211975097656,0.32201633914145167,-0.14312999104665192,161.16030883789062,0.039877478033304214,0.47,0.53,0.8867924528301886
../results/xgboost_xgboost_cross_y3/thre_0.00000.json,val,0.49400180661026594,0.9999945116965665,0.999994502478012,"[[0.53, 0.0], [0.0, 0.47]]",6.426666736602783,161.03211975097656,0.32201633914145167,-0.14312999104665192,161.16030883789062,0.039877478033304214,0.47,0.53,0.8867924528301886
../results/xgboost_xgboost_cross_y3/thre_0.00000.json,test,0.49400180661026594,0.9999945116965665,0.999994502478012,"[[0.53, 0.0], [0.0, 0.47]]",6.426666736602783,161.03211975097656,0.32201633914145167,-0.14312999104665192,161.16030883789062,0.039877478033304214,0.47,0.53,0.8867924528301886
../results/xgboost_xgboost_cross_y3/thre_0.00000.json,train_pos,0.4212212351404039,0.9999896735803873,0.9999961711603755,[[1.0]],143.14923095703125,109.36677551269531,0.7365393167043726,-0.22970682425827205,180.1465606689453,0.7946264743804932,1.0,0.0,inf
../results/xgboost_xgboost_cross_y3/thre_0.00000.json,val_pos,0.4212212351404039,0.9999896735803873,0.9999961711603755,[[1.0]],143.14923095703125,109.36677551269531,0.7365393167043726,-0.22970682425827205,180.1465606689453,0.7946264743804932,1.0,0.0,inf
../results/xgboost_xgboost_cross_y3/thre_0.00000.json,test_pos,0.4212212351404039,0.9999896735803873,0.9999961711603755,[[1.0]],143.14923095703125,109.36677551269531,0.7365393167043726,-0.22970682425827205,180.1465606689453,0.7946264743804932,1.0,0.0,inf
../results/xgboost_xgboost_cross_y3/thre_0.01112.json,train,4.277958087793096,0.9999336854860418,0.9999337657827843,"[[0.53, 0.0], [0.0, 0.47]]",6.410178184509277,160.5723876953125,0.3252575696157707,-0.14349336750255937,160.70030212402344,0.03988902270793915,0.47,0.53,0.8867924528301886
../results/xgboost_xgboost_cross_y3/thre_0.01112.json,val,4.277958087793096,0.9999336854860418,0.9999337657827843,"[[0.53, 0.0], [0.0, 0.47]]",6.410178184509277,160.5723876953125,0.3252575696157707,-0.14349336750255937,160.70030212402344,0.03988902270793915,0.47,0.53,0.8867924528301886
../results/xgboost_xgboost_cross_y3/thre_0.01112.json,test,4.277958087793096,0.9999336854860418,0.9999337657827843,"[[0.53, 0.0], [0.0, 0.47]]",6.410178184509277,160.5723876953125,0.3252575696157707,-0.14349336750255937,160.70030212402344,0.03988902270793915,0.47,0.53,0.8867924528301886
../results/xgboost_xgboost_cross_y3/thre_0.01112.json,train_pos,3.075033269710372,0.9999034777146226,0.9999639193154523,[[1.0]],142.73068237304688,109.17855072021484,0.7359981747671581,-0.22352711600963948,179.69976806640625,0.7942730188369751,1.0,0.0,inf
../results/xgboost_xgboost_cross_y3/thre_0.01112.json,val_pos,3.075033269710372,0.9999034777146226,0.9999639193154523,[[1.0]],142.73068237304688,109.17855072021484,0.7359981747671581,-0.22352711600963948,179.69976806640625,0.7942730188369751,1.0,0.0,inf
../results/xgboost_xgboost_cross_y3/thre_0.01112.json,test_pos,3.075033269710372,0.9999034777146226,0.9999639193154523,[[1.0]],142.73068237304688,109.17855072021484,0.7359981747671581,-0.22352711600963948,179.69976806640625,0.7942730188369751,1.0,0.0,inf
../results/xgboost_xgboost_cross_y3/thre_0.02163.json,train,10.58716633912895,0.9998232993236132,0.9998235237671604,"[[0.53, 0.0], [0.0, 0.47]]",6.3858866691589355,160.2886199951172,0.3245887693401758,-0.13094707155293106,160.415771484375,0.03980834782123566,0.47,0.53,0.8867924528301886
../results/xgboost_xgboost_cross_y3/thre_0.02163.json,val,10.58716633912895,0.9998232993236132,0.9998235237671604,"[[0.53, 0.0], [0.0, 0.47]]",6.3858866691589355,160.2886199951172,0.3245887693401758,-0.13094707155293106,160.415771484375,0.03980834782123566,0.47,0.53,0.8867924528301886
../results/xgboost_xgboost_cross_y3/thre_0.02163.json,test,10.58716633912895,0.9998232993236132,0.9998235237671604,"[[0.53, 0.0], [0.0, 0.47]]",6.3858866691589355,160.2886199951172,0.3245887693401758,-0.13094707155293106,160.415771484375,0.03980834782123566,0.47,0.53,0.8867924528301886
../results/xgboost_xgboost_cross_y3/thre_0.02163.json,train_pos,9.986743713730885,0.9996587272081822,0.9998673413051997,[[1.0]],142.18605041503906,109.36251068115234,0.7321995558151312,-0.24247628352068684,179.3795623779297,0.7926546931266785,1.0,0.0,inf
../results/xgboost_xgboost_cross_y3/thre_0.02163.json,val_pos,9.986743713730885,0.9996587272081822,0.9998673413051997,[[1.0]],142.18605041503906,109.36251068115234,0.7321995558151312,-0.24247628352068684,179.3795623779297,0.7926546931266785,1.0,0.0,inf
../results/xgboost_xgboost_cross_y3/thre_0.02163.json,test_pos,9.986743713730885,0.9996587272081822,0.9998673413051997,[[1.0]],142.18605041503906,109.36251068115234,0.7321995558151312,-0.24247628352068684,179.3795623779297,0.7926546931266785,1.0,0.0,inf
../results/xgboost_xgboost_cross_y3/thre_0.02627.json,train,18.31592995510583,0.9996848737823156,0.9996853424273721,"[[0.53, 0.0], [0.01, 0.46]]",6.394268989562988,160.0653533935547,0.3208140464529573,-0.14733857513519943,160.19302368164062,0.0399160273373127,0.46,0.54,0.8518518518518519
../results/xgboost_xgboost_cross_y3/thre_0.02627.json,val,18.31592995510583,0.9996848737823156,0.9996853424273721,"[[0.53, 0.0], [0.01, 0.46]]",6.394268989562988,160.0653533935547,0.3208140464529573,-0.14733857513519943,160.19302368164062,0.0399160273373127,0.46,0.54,0.8518518518518519
../results/xgboost_xgboost_cross_y3/thre_0.02627.json,test,18.31592995510583,0.9996848737823156,0.9996853424273721,"[[0.53, 0.0], [0.01, 0.46]]",6.394268989562988,160.0653533935547,0.3208140464529573,-0.14733857513519943,160.19302368164062,0.0399160273373127,0.46,0.54,0.8518518518518519
../results/xgboost_xgboost_cross_y3/thre_0.02627.json,train_pos,14.220769260069401,0.9994793703188816,0.9998152499756044,[[1.0]],145.52090454101562,107.78665161132812,0.7195653383551255,-0.2645009059662202,181.09194946289062,0.8035746812820435,1.0,0.0,inf
../results/xgboost_xgboost_cross_y3/thre_0.02627.json,val_pos,14.220769260069401,0.9994793703188816,0.9998152499756044,[[1.0]],145.52090454101562,107.78665161132812,0.7195653383551255,-0.2645009059662202,181.09194946289062,0.8035746812820435,1.0,0.0,inf
../results/xgboost_xgboost_cross_y3/thre_0.02627.json,test_pos,14.220769260069401,0.9994793703188816,0.9998152499756044,[[1.0]],145.52090454101562,107.78665161132812,0.7195653383551255,-0.2645009059662202,181.09194946289062,0.8035746812820435,1.0,0.0,inf
../results/xgboost_xgboost_cross_y3/thre_0.04224.json,train,191.52883612806735,0.9967461537352648,0.9967494248268014,"[[0.52, 0.01], [0.02, 0.45]]",6.521238803863525,156.26377868652344,0.3457259653234661,-0.13890319272162177,156.39979553222656,0.04169595614075661,0.46,0.54,0.8518518518518519
../results/xgboost_xgboost_cross_y3/thre_0.04224.json,val,191.52883612806735,0.9967461537352648,0.9967494248268014,"[[0.52, 0.01], [0.02, 0.45]]",6.521238803863525,156.26377868652344,0.3457259653234661,-0.13890319272162177,156.39979553222656,0.04169595614075661,0.46,0.54,0.8518518518518519
../results/xgboost_xgboost_cross_y3/thre_0.04224.json,test,191.52883612806735,0.9967461537352648,0.9967494248268014,"[[0.52, 0.01], [0.02, 0.45]]",6.521238803863525,156.26377868652344,0.3457259653234661,-0.13890319272162177,156.39979553222656,0.04169595614075661,0.46,0.54,0.8518518518518519
../results/xgboost_xgboost_cross_y3/thre_0.04224.json,train_pos,170.95648847918457,0.9936016299751711,0.9977147184752846,"[[0.0, 0.021739130434782608], [0.0, 0.9782608695652174]]",142.8534393310547,105.75495147705078,0.7210662361305988,-0.2529761041187588,177.73919677734375,0.803725004196167,1.0,0.0,inf
../results/xgboost_xgboost_cross_y3/thre_0.04224.json,val_pos,170.95648847918457,0.9936016299751711,0.9977147184752846,"[[0.0, 0.021739130434782608], [0.0, 0.9782608695652174]]",142.8534393310547,105.75495147705078,0.7210662361305988,-0.2529761041187588,177.73919677734375,0.803725004196167,1.0,0.0,inf
../results/xgboost_xgboost_cross_y3/thre_0.04224.json,test_pos,170.95648847918457,0.9936016299751711,0.9977147184752846,"[[0.0, 0.021739130434782608], [0.0, 0.9782608695652174]]",142.8534393310547,105.75495147705078,0.7210662361305988,-0.2529761041187588,177.73919677734375,0.803725004196167,1.0,0.0,inf
../results/xgboost_xgboost_cross_y3/thre_0.03294.json,train,44.69727919930836,0.9992201400121337,0.9992213020286789,"[[0.53, 0.0], [0.01, 0.46]]",6.393590927124023,159.35284423828125,0.3336191597089911,-0.13820769485901563,159.48104858398438,0.04008997231721878,0.46,0.54,0.8518518518518519
../results/xgboost_xgboost_cross_y3/thre_0.03294.json,val,44.69727919930836,0.9992201400121337,0.9992213020286789,"[[0.53, 0.0], [0.01, 0.46]]",6.393590927124023,159.35284423828125,0.3336191597089911,-0.13820769485901563,159.48104858398438,0.04008997231721878,0.46,0.54,0.8518518518518519
../results/xgboost_xgboost_cross_y3/thre_0.03294.json,test,44.69727919930836,0.9992201400121337,0.9992213020286789,"[[0.53, 0.0], [0.01, 0.46]]",6.393590927124023,159.35284423828125,0.3336191597089911,-0.13820769485901563,159.48104858398438,0.04008997231721878,0.46,0.54,0.8518518518518519
../results/xgboost_xgboost_cross_y3/thre_0.03294.json,train_pos,38.48391903513202,0.9985290456659177,0.9994689448449382,[[1.0]],144.7165985107422,108.12611389160156,0.7113200324778122,-0.2647587842987349,180.64923095703125,0.8010916709899902,1.0,0.0,inf
../results/xgboost_xgboost_cross_y3/thre_0.03294.json,val_pos,38.48391903513202,0.9985290456659177,0.9994689448449382,[[1.0]],144.7165985107422,108.12611389160156,0.7113200324778122,-0.2647587842987349,180.64923095703125,0.8010916709899902,1.0,0.0,inf
../results/xgboost_xgboost_cross_y3/thre_0.03294.json,test_pos,38.48391903513202,0.9985290456659177,0.9994689448449382,[[1.0]],144.7165985107422,108.12611389160156,0.7113200324778122,-0.2647587842987349,180.64923095703125,0.8010916709899902,1.0,0.0,inf
../results/xgboost_xgboost_cross_y2/thre_0.04315.json,train,129.0328261110276,0.9980692282657307,0.9980728447570262,"[[0.52, 0.01], [0.0, 0.47]]",7.768905162811279,168.5794677734375,0.3595765606418641,-0.01269997750799945,168.75836181640625,0.04603567719459534,0.48,0.52,0.923076923076923
../results/xgboost_xgboost_cross_y2/thre_0.04315.json,val,129.0328261110276,0.9980692282657307,0.9980728447570262,"[[0.52, 0.01], [0.0, 0.47]]",7.768905162811279,168.5794677734375,0.3595765606418641,-0.01269997750799945,168.75836181640625,0.04603567719459534,0.48,0.52,0.923076923076923
../results/xgboost_xgboost_cross_y2/thre_0.04315.json,test,129.0328261110276,0.9980692282657307,0.9980728447570262,"[[0.52, 0.01], [0.0, 0.47]]",7.768905162811279,168.5794677734375,0.3595765606418641,-0.01269997750799945,168.75836181640625,0.04603567719459534,0.48,0.52,0.923076923076923
../results/xgboost_xgboost_cross_y2/thre_0.04315.json,train_pos,152.62122721408107,0.994946808564404,0.9981247078800307,"[[0.0, 0.020833333333333332], [0.0, 0.9791666666666666]]",149.93763732910156,112.36541748046875,1.057718859125881,0.5416596988865114,187.36936950683594,0.8002249002456665,1.0,0.0,inf
../results/xgboost_xgboost_cross_y2/thre_0.04315.json,val_pos,152.62122721408107,0.994946808564404,0.9981247078800307,"[[0.0, 0.020833333333333332], [0.0, 0.9791666666666666]]",149.93763732910156,112.36541748046875,1.057718859125881,0.5416596988865114,187.36936950683594,0.8002249002456665,1.0,0.0,inf
../results/xgboost_xgboost_cross_y2/thre_0.04315.json,test_pos,152.62122721408107,0.994946808564404,0.9981247078800307,"[[0.0, 0.020833333333333332], [0.0, 0.9791666666666666]]",149.93763732910156,112.36541748046875,1.057718859125881,0.5416596988865114,187.36936950683594,0.8002249002456665,1.0,0.0,inf
../results/xgboost_xgboost_cross_y2/thre_0.00926.json,train,3.1083663038921814,0.9999599353430568,0.9999599795558959,"[[0.53, 0.0], [0.0, 0.47]]",7.79355525970459,171.80288696289062,0.3420270057703365,-0.0704270220619092,171.9795684814453,0.045316752046346664,0.47,0.53,0.8867924528301886
../results/xgboost_xgboost_cross_y2/thre_0.00926.json,val,3.1083663038921814,0.9999599353430568,0.9999599795558959,"[[0.53, 0.0], [0.0, 0.47]]",7.79355525970459,171.80288696289062,0.3420270057703365,-0.0704270220619092,171.9795684814453,0.045316752046346664,0.47,0.53,0.8867924528301886
../results/xgboost_xgboost_cross_y2/thre_0.00926.json,test,3.1083663038921814,0.9999599353430568,0.9999599795558959,"[[0.53, 0.0], [0.0, 0.47]]",7.79355525970459,171.80288696289062,0.3420270057703365,-0.0704270220619092,171.9795684814453,0.045316752046346664,0.47,0.53,0.8867924528301886
../results/xgboost_xgboost_cross_y2/thre_0.00926.json,train_pos,2.3165027315993405,0.999932960463106,0.9999766133711059,[[1.0]],155.60533142089844,113.89049530029297,0.9584844047668493,0.37760550200020404,192.8317108154297,0.8069489002227783,1.0,0.0,inf
../results/xgboost_xgboost_cross_y2/thre_0.00926.json,val_pos,2.3165027315993405,0.999932960463106,0.9999766133711059,[[1.0]],155.60533142089844,113.89049530029297,0.9584844047668493,0.37760550200020404,192.8317108154297,0.8069489002227783,1.0,0.0,inf
../results/xgboost_xgboost_cross_y2/thre_0.00926.json,test_pos,2.3165027315993405,0.999932960463106,0.9999766133711059,[[1.0]],155.60533142089844,113.89049530029297,0.9584844047668493,0.37760550200020404,192.8317108154297,0.8069489002227783,1.0,0.0,inf
../results/xgboost_xgboost_cross_y2/thre_0.00443.json,train,1.4601360933420529,0.9999815567927359,0.9999815629052287,"[[0.53, 0.0], [0.0, 0.47]]",7.791144371032715,172.0545196533203,0.33651361070733726,-0.06933628180254425,172.2308349609375,0.04523663967847824,0.47,0.53,0.8867924528301886
../results/xgboost_xgboost_cross_y2/thre_0.00443.json,val,1.4601360933420529,0.9999815567927359,0.9999815629052287,"[[0.53, 0.0], [0.0, 0.47]]",7.791144371032715,172.0545196533203,0.33651361070733726,-0.06933628180254425,172.2308349609375,0.04523663967847824,0.47,0.53,0.8867924528301886
../results/xgboost_xgboost_cross_y2/thre_0.00443.json,test,1.4601360933420529,0.9999815567927359,0.9999815629052287,"[[0.53, 0.0], [0.0, 0.47]]",7.791144371032715,172.0545196533203,0.33651361070733726,-0.06933628180254425,172.2308349609375,0.04523663967847824,0.47,0.53,0.8867924528301886
../results/xgboost_xgboost_cross_y2/thre_0.00443.json,train_pos,1.4173602410346644,0.999960259171681,0.9999861130727423,[[1.0]],155.67262268066406,114.03955078125,0.9537995975805903,0.37194035580256823,192.9740447998047,0.8067023754119873,1.0,0.0,inf
../results/xgboost_xgboost_cross_y2/thre_0.00443.json,val_pos,1.4173602410346644,0.999960259171681,0.9999861130727423,[[1.0]],155.67262268066406,114.03955078125,0.9537995975805903,0.37194035580256823,192.9740447998047,0.8067023754119873,1.0,0.0,inf
../results/xgboost_xgboost_cross_y2/thre_0.00443.json,test_pos,1.4173602410346644,0.999960259171681,0.9999861130727423,[[1.0]],155.67262268066406,114.03955078125,0.9537995975805903,0.37194035580256823,192.9740447998047,0.8067023754119873,1.0,0.0,inf
../results/xgboost_xgboost_cross_y2/results.json,train,0.6748382503668799,0.9999936501825237,0.999993650371875,"[[0.53, 0.0], [0.0, 0.47]]",7.792074203491211,172.11276245117188,0.3372068859899609,-0.06832434425895695,172.2890625,0.045226749032735825,0.47,0.53,0.8867924528301886
../results/xgboost_xgboost_cross_y2/results.json,val,0.6748382503668799,0.9999936501825237,0.999993650371875,"[[0.53, 0.0], [0.0, 0.47]]",7.792074203491211,172.11276245117188,0.3372068859899609,-0.06832434425895695,172.2890625,0.045226749032735825,0.47,0.53,0.8867924528301886
../results/xgboost_xgboost_cross_y2/results.json,test,0.6748382503668799,0.9999936501825237,0.999993650371875,"[[0.53, 0.0], [0.0, 0.47]]",7.792074203491211,172.11276245117188,0.3372068859899609,-0.06832434425895695,172.2890625,0.045226749032735825,0.47,0.53,0.8867924528301886
../results/xgboost_xgboost_cross_y2/results.json,train_pos,0.7167156015859888,0.9999834254461476,0.9999941661827605,[[1.0]],155.73411560058594,114.10286712646484,0.9538622014795047,0.37261561307443625,193.06106567382812,0.8066573143005371,1.0,0.0,inf
../results/xgboost_xgboost_cross_y2/results.json,val_pos,0.7167156015859888,0.9999834254461476,0.9999941661827605,[[1.0]],155.73411560058594,114.10286712646484,0.9538622014795047,0.37261561307443625,193.06106567382812,0.8066573143005371,1.0,0.0,inf
../results/xgboost_xgboost_cross_y2/results.json,test_pos,0.7167156015859888,0.9999834254461476,0.9999941661827605,[[1.0]],155.73411560058594,114.10286712646484,0.9538622014795047,0.37261561307443625,193.06106567382812,0.8066573143005371,1.0,0.0,inf
../results/xgboost_xgboost_cross_y2/thre_0.02300.json,train,13.657533245592544,0.9998122476615685,0.9998124019026329,"[[0.53, 0.0], [0.01, 0.46]]",7.819601535797119,171.0560760498047,0.34495184848678495,-0.07479925872330329,171.23472595214844,0.04566597938537598,0.46,0.54,0.8518518518518519
../results/xgboost_xgboost_cross_y2/thre_0.02300.json,val,13.657533245592544,0.9998122476615685,0.9998124019026329,"[[0.53, 0.0], [0.01, 0.46]]",7.819601535797119,171.0560760498047,0.34495184848678495,-0.07479925872330329,171.23472595214844,0.04566597938537598,0.46,0.54,0.8518518518518519
../results/xgboost_xgboost_cross_y2/thre_0.02300.json,test,13.657533245592544,0.9998122476615685,0.9998124019026329,"[[0.53, 0.0], [0.01, 0.46]]",7.819601535797119,171.0560760498047,0.34495184848678495,-0.07479925872330329,171.23472595214844,0.04566597938537598,0.46,0.54,0.8518518518518519
../results/xgboost_xgboost_cross_y2/thre_0.02300.json,train_pos,11.11486523876876,0.9996552524803953,0.9998844409651015,[[1.0]],158.42825317382812,112.22914123535156,0.981024664468377,0.38986598650848814,194.1517333984375,0.8160022497177124,1.0,0.0,inf
../results/xgboost_xgboost_cross_y2/thre_0.02300.json,val_pos,11.11486523876876,0.9996552524803953,0.9998844409651015,[[1.0]],158.42825317382812,112.22914123535156,0.981024664468377,0.38986598650848814,194.1517333984375,0.8160022497177124,1.0,0.0,inf
../results/xgboost_xgboost_cross_y2/thre_0.02300.json,test_pos,11.11486523876876,0.9996552524803953,0.9998844409651015,[[1.0]],158.42825317382812,112.22914123535156,0.981024664468377,0.38986598650848814,194.1517333984375,0.8160022497177124,1.0,0.0,inf
../results/xgboost_xgboost_cross_y2/thre_0.06456.json,train,328.309998104148,0.9948392362069114,0.9948489282601468,"[[0.51, 0.02], [0.01, 0.46]]",7.803145885467529,167.13995361328125,0.3806908751567238,0.012448568866515686,167.32199096679688,0.04663550853729248,0.48,0.52,0.923076923076923
../results/xgboost_xgboost_cross_y2/thre_0.06456.json,val,328.309998104148,0.9948392362069114,0.9948489282601468,"[[0.51, 0.02], [0.01, 0.46]]",7.803145885467529,167.13995361328125,0.3806908751567238,0.012448568866515686,167.32199096679688,0.04663550853729248,0.48,0.52,0.923076923076923
../results/xgboost_xgboost_cross_y2/thre_0.06456.json,test,328.309998104148,0.9948392362069114,0.9948489282601468,"[[0.51, 0.02], [0.01, 0.46]]",7.803145885467529,167.13995361328125,0.3806908751567238,0.012448568866515686,167.32199096679688,0.04663550853729248,0.48,0.52,0.923076923076923
../results/xgboost_xgboost_cross_y2/thre_0.06456.json,train_pos,372.4750335235219,0.9868904804700245,0.9951609446437835,"[[0.0, 0.041666666666666664], [0.0, 0.9583333333333334]]",148.41880798339844,112.85469818115234,1.0323357652823728,0.5370261903614004,186.45193481445312,0.7960164546966553,1.0,0.0,inf
../results/xgboost_xgboost_cross_y2/thre_0.06456.json,val_pos,372.4750335235219,0.9868904804700245,0.9951609446437835,"[[0.0, 0.041666666666666664], [0.0, 0.9583333333333334]]",148.41880798339844,112.85469818115234,1.0323357652823728,0.5370261903614004,186.45193481445312,0.7960164546966553,1.0,0.0,inf
../results/xgboost_xgboost_cross_y2/thre_0.06456.json,test_pos,372.4750335235219,0.9868904804700245,0.9951609446437835,"[[0.0, 0.041666666666666664], [0.0, 0.9583333333333334]]",148.41880798339844,112.85469818115234,1.0323357652823728,0.5370261903614004,186.45193481445312,0.7960164546966553,1.0,0.0,inf
../results/xgboost_xgboost_cross_y2/thre_0.03603.json,train,44.68323085435638,0.9993430094337088,0.9993442970359067,"[[0.53, 0.0], [0.0, 0.47]]",7.763044357299805,170.1943359375,0.35192513070952486,-0.06613788976439183,170.37127685546875,0.04556545242667198,0.47,0.53,0.8867924528301886
../results/xgboost_xgboost_cross_y2/thre_0.03603.json,val,44.68323085435638,0.9993430094337088,0.9993442970359067,"[[0.53, 0.0], [0.0, 0.47]]",7.763044357299805,170.1943359375,0.35192513070952486,-0.06613788976439183,170.37127685546875,0.04556545242667198,0.47,0.53,0.8867924528301886
../results/xgboost_xgboost_cross_y2/thre_0.03603.json,test,44.68323085435638,0.9993430094337088,0.9993442970359067,"[[0.53, 0.0], [0.0, 0.47]]",7.763044357299805,170.1943359375,0.35192513070952486,-0.06613788976439183,170.37127685546875,0.04556545242667198,0.47,0.53,0.8867924528301886
../results/xgboost_xgboost_cross_y2/thre_0.03603.json,train_pos,45.601332657891845,0.9984913059485618,0.9994655241558736,[[1.0]],154.76792907714844,112.14527893066406,1.012351467498557,0.4817196812637654,191.1273956298828,0.8097631931304932,1.0,0.0,inf
../results/xgboost_xgboost_cross_y2/thre_0.03603.json,val_pos,45.601332657891845,0.9984913059485618,0.9994655241558736,[[1.0]],154.76792907714844,112.14527893066406,1.012351467498557,0.4817196812637654,191.1273956298828,0.8097631931304932,1.0,0.0,inf
../results/xgboost_xgboost_cross_y2/thre_0.03603.json,test_pos,45.601332657891845,0.9984913059485618,0.9994655241558736,[[1.0]],154.76792907714844,112.14527893066406,1.012351467498557,0.4817196812637654,191.1273956298828,0.8097631931304932,1.0,0.0,inf
../results/xgboost_xgboost_cross_y2/thre_0.01852.json,train,11.73640736663186,0.9998359042498364,0.9998360487777053,"[[0.53, 0.0], [0.0, 0.47]]",7.8427934646606445,171.2329864501953,0.3487078921290613,-0.06774872009923616,171.41249084472656,0.04575391858816147,0.47,0.53,0.8867924528301886
../results/xgboost_xgboost_cross_y2/thre_0.01852.json,val,11.73640736663186,0.9998359042498364,0.9998360487777053,"[[0.53, 0.0], [0.0, 0.47]]",7.8427934646606445,171.2329864501953,0.3487078921290613,-0.06774872009923616,171.41249084472656,0.04575391858816147,0.47,0.53,0.8867924528301886
../results/xgboost_xgboost_cross_y2/thre_0.01852.json,test,11.73640736663186,0.9998359042498364,0.9998360487777053,"[[0.53, 0.0], [0.0, 0.47]]",7.8427934646606445,171.2329864501953,0.3487078921290613,-0.06774872009923616,171.41249084472656,0.04575391858816147,0.47,0.53,0.8867924528301886
../results/xgboost_xgboost_cross_y2/thre_0.01852.json,train_pos,8.224316139271826,0.9997386539992048,0.9999087493501875,[[1.0]],155.29534912109375,113.56832885742188,0.9676800239369928,0.39121555224221094,192.3913116455078,0.8071848154067993,1.0,0.0,inf
../results/xgboost_xgboost_cross_y2/thre_0.01852.json,val_pos,8.224316139271826,0.9997386539992048,0.9999087493501875,[[1.0]],155.29534912109375,113.56832885742188,0.9676800239369928,0.39121555224221094,192.3913116455078,0.8071848154067993,1.0,0.0,inf
../results/xgboost_xgboost_cross_y2/thre_0.01852.json,test_pos,8.224316139271826,0.9997386539992048,0.9999087493501875,[[1.0]],155.29534912109375,113.56832885742188,0.9676800239369928,0.39121555224221094,192.3913116455078,0.8071848154067993,1.0,0.0,inf
../results/xgboost_xgboost_cross_y2/thre_0.04021.json,train,98.67959047046661,0.9985365406416683,0.9985390502399026,"[[0.53, 0.0], [0.01, 0.46]]",7.795371055603027,169.01583862304688,0.35161858305387195,-0.0035809105486497295,169.19552612304688,0.046073149889707565,0.46,0.54,0.8518518518518519
../results/xgboost_xgboost_cross_y2/thre_0.04021.json,val,98.67959047046661,0.9985365406416683,0.9985390502399026,"[[0.53, 0.0], [0.01, 0.46]]",7.795371055603027,169.01583862304688,0.35161858305387195,-0.0035809105486497295,169.19552612304688,0.046073149889707565,0.46,0.54,0.8518518518518519
../results/xgboost_xgboost_cross_y2/thre_0.04021.json,test,98.67959047046661,0.9985365406416683,0.9985390502399026,"[[0.53, 0.0], [0.01, 0.46]]",7.795371055603027,169.01583862304688,0.35161858305387195,-0.0035809105486497295,169.19552612304688,0.046073149889707565,0.46,0.54,0.8518518518518519
../results/xgboost_xgboost_cross_y2/thre_0.04021.json,train_pos,116.94973203569873,0.9959707930419693,0.9986473608079067,[[1.0]],156.23397827148438,111.17164611816406,1.0660167901209383,0.5725694334716893,191.7503204345703,0.814778208732605,1.0,0.0,inf
../results/xgboost_xgboost_cross_y2/thre_0.04021.json,val_pos,116.94973203569873,0.9959707930419693,0.9986473608079067,[[1.0]],156.23397827148438,111.17164611816406,1.0660167901209383,0.5725694334716893,191.7503204345703,0.814778208732605,1.0,0.0,inf
../results/xgboost_xgboost_cross_y2/thre_0.04021.json,test_pos,116.94973203569873,0.9959707930419693,0.9986473608079067,[[1.0]],156.23397827148438,111.17164611816406,1.0660167901209383,0.5725694334716893,191.7503204345703,0.814778208732605,1.0,0.0,inf
../results/xgboost_xgboost_cross_y2/thre_0.00889.json,train,2.0583309688166755,0.9999733603208543,0.999973392786971,"[[0.53, 0.0], [0.0, 0.47]]",7.800428867340088,171.9679718017578,0.33715122570138994,-0.07394366841916389,172.14480590820312,0.04531318321824074,0.47,0.53,0.8867924528301886
../results/xgboost_xgboost_cross_y2/thre_0.00889.json,val,2.0583309688166755,0.9999733603208543,0.999973392786971,"[[0.53, 0.0], [0.0, 0.47]]",7.800428867340088,171.9679718017578,0.33715122570138994,-0.07394366841916389,172.14480590820312,0.04531318321824074,0.47,0.53,0.8867924528301886
../results/xgboost_xgboost_cross_y2/thre_0.00889.json,test,2.0583309688166755,0.9999733603208543,0.999973392786971,"[[0.53, 0.0], [0.0, 0.47]]",7.800428867340088,171.9679718017578,0.33715122570138994,-0.07394366841916389,172.14480590820312,0.04531318321824074,0.47,0.53,0.8867924528301886
../results/xgboost_xgboost_cross_y2/thre_0.00889.json,train_pos,1.8122350399604952,0.9999500955121875,0.9999821032596551,[[1.0]],155.7716827392578,113.77584075927734,0.9578689822713051,0.38084535518868634,192.8983154296875,0.8075326085090637,1.0,0.0,inf
../results/xgboost_xgboost_cross_y2/thre_0.00889.json,val_pos,1.8122350399604952,0.9999500955121875,0.9999821032596551,[[1.0]],155.7716827392578,113.77584075927734,0.9578689822713051,0.38084535518868634,192.8983154296875,0.8075326085090637,1.0,0.0,inf
../results/xgboost_xgboost_cross_y2/thre_0.00889.json,test_pos,1.8122350399604952,0.9999500955121875,0.9999821032596551,[[1.0]],155.7716827392578,113.77584075927734,0.9578689822713051,0.38084535518868634,192.8983154296875,0.8075326085090637,1.0,0.0,inf
../results/xgboost_xgboost_cross_y2/thre_0.01627.json,train,7.427597945624833,0.9998978958166017,0.9998980132409668,"[[0.53, 0.0], [0.0, 0.47]]",7.80757999420166,171.48289489746094,0.34626391178863675,-0.06344655892530726,171.66053771972656,0.04548267275094986,0.47,0.53,0.8867924528301886
../results/xgboost_xgboost_cross_y2/thre_0.01627.json,val,7.427597945624833,0.9998978958166017,0.9998980132409668,"[[0.53, 0.0], [0.0, 0.47]]",7.80757999420166,171.48289489746094,0.34626391178863675,-0.06344655892530726,171.66053771972656,0.04548267275094986,0.47,0.53,0.8867924528301886
../results/xgboost_xgboost_cross_y2/thre_0.01627.json,test,7.427597945624833,0.9998978958166017,0.9998980132409668,"[[0.53, 0.0], [0.0, 0.47]]",7.80757999420166,171.48289489746094,0.34626391178863675,-0.06344655892530726,171.66053771972656,0.04548267275094986,0.47,0.53,0.8867924528301886
../results/xgboost_xgboost_cross_y2/thre_0.01627.json,train_pos,5.7374374552729925,0.9998177846005126,0.9999363988788267,[[1.0]],155.45184326171875,113.6910629272461,0.9687545509674701,0.39772931002611855,192.5900421142578,0.8071644902229309,1.0,0.0,inf
../results/xgboost_xgboost_cross_y2/thre_0.01627.json,val_pos,5.7374374552729925,0.9998177846005126,0.9999363988788267,[[1.0]],155.45184326171875,113.6910629272461,0.9687545509674701,0.39772931002611855,192.5900421142578,0.8071644902229309,1.0,0.0,inf
../results/xgboost_xgboost_cross_y2/thre_0.01627.json,test_pos,5.7374374552729925,0.9998177846005126,0.9999363988788267,[[1.0]],155.45184326171875,113.6910629272461,0.9687545509674701,0.39772931002611855,192.5900421142578,0.8071644902229309,1.0,0.0,inf
../results/xgboost_xgboost_cross_y2/thre_0.09260.json,train,3684.9813247767343,0.9481654164534856,0.948230777562664,"[[0.48, 0.05], [0.06, 0.41]]",7.871026515960693,137.7352752685547,0.5947612868194423,0.4439184958281426,137.95999145507812,0.057052966207265854,0.46,0.54,0.8518518518518519
../results/xgboost_xgboost_cross_y2/thre_0.09260.json,val,3684.9813247767343,0.9481654164534856,0.948230777562664,"[[0.48, 0.05], [0.06, 0.41]]",7.871026515960693,137.7352752685547,0.5947612868194423,0.4439184958281426,137.95999145507812,0.057052966207265854,0.46,0.54,0.8518518518518519
../results/xgboost_xgboost_cross_y2/thre_0.09260.json,test,3684.9813247767343,0.9481654164534856,0.948230777562664,"[[0.48, 0.05], [0.06, 0.41]]",7.871026515960693,137.7352752685547,0.5947612868194423,0.4439184958281426,137.95999145507812,0.057052966207265854,0.46,0.54,0.8518518518518519
../results/xgboost_xgboost_cross_y2/thre_0.09260.json,train_pos,3982.3931148868305,0.8910970158131216,0.9549777499098205,"[[0.0, 0.10869565217391304], [0.0, 0.8913043478260869]]",125.91291809082031,101.1163330078125,1.2086903056023335,0.6470935664933584,161.48863220214844,0.7797014117240906,1.0,0.0,inf
../results/xgboost_xgboost_cross_y2/thre_0.09260.json,val_pos,3982.3931148868305,0.8910970158131216,0.9549777499098205,"[[0.0, 0.10869565217391304], [0.0, 0.8913043478260869]]",125.91291809082031,101.1163330078125,1.2086903056023335,0.6470935664933584,161.48863220214844,0.7797014117240906,1.0,0.0,inf
../results/xgboost_xgboost_cross_y2/thre_0.09260.json,test_pos,3982.3931148868305,0.8910970158131216,0.9549777499098205,"[[0.0, 0.10869565217391304], [0.0, 0.8913043478260869]]",125.91291809082031,101.1163330078125,1.2086903056023335,0.6470935664933584,161.48863220214844,0.7797014117240906,1.0,0.0,inf
../results/xgboost_xgboost_cross_y2/thre_0.00000.json,train,0.6748382503668799,0.9999936501825237,0.999993650371875,"[[0.53, 0.0], [0.0, 0.47]]",7.792074203491211,172.11276245117188,0.3372068859899609,-0.06832434425895695,172.2890625,0.045226749032735825,0.47,0.53,0.8867924528301886
../results/xgboost_xgboost_cross_y2/thre_0.00000.json,val,0.6748382503668799,0.9999936501825237,0.999993650371875,"[[0.53, 0.0], [0.0, 0.47]]",7.792074203491211,172.11276245117188,0.3372068859899609,-0.06832434425895695,172.2890625,0.045226749032735825,0.47,0.53,0.8867924528301886
../results/xgboost_xgboost_cross_y2/thre_0.00000.json,test,0.6748382503668799,0.9999936501825237,0.999993650371875,"[[0.53, 0.0], [0.0, 0.47]]",7.792074203491211,172.11276245117188,0.3372068859899609,-0.06832434425895695,172.2890625,0.045226749032735825,0.47,0.53,0.8867924528301886
../results/xgboost_xgboost_cross_y2/thre_0.00000.json,train_pos,0.7167156015859888,0.9999834254461476,0.9999941661827605,[[1.0]],155.73411560058594,114.10286712646484,0.9538622014795047,0.37261561307443625,193.06106567382812,0.8066573143005371,1.0,0.0,inf
../results/xgboost_xgboost_cross_y2/thre_0.00000.json,val_pos,0.7167156015859888,0.9999834254461476,0.9999941661827605,[[1.0]],155.73411560058594,114.10286712646484,0.9538622014795047,0.37261561307443625,193.06106567382812,0.8066573143005371,1.0,0.0,inf
../results/xgboost_xgboost_cross_y2/thre_0.00000.json,test_pos,0.7167156015859888,0.9999834254461476,0.9999941661827605,[[1.0]],155.73411560058594,114.10286712646484,0.9538622014795047,0.37261561307443625,193.06106567382812,0.8066573143005371,1.0,0.0,inf
../results/xgboost_xgboost_cross_y2/thre_0.08277.json,train,1441.4610017614948,0.9792967947004512,0.9793348837461815,"[[0.48, 0.05], [0.04, 0.43]]",7.577488899230957,154.2568359375,0.35292446967163216,-0.08828871906529878,154.4428253173828,0.049063391983509064,0.48,0.52,0.923076923076923
../results/xgboost_xgboost_cross_y2/thre_0.08277.json,val,1441.4610017614948,0.9792967947004512,0.9793348837461815,"[[0.48, 0.05], [0.04, 0.43]]",7.577488899230957,154.2568359375,0.35292446967163216,-0.08828871906529878,154.4428253173828,0.049063391983509064,0.48,0.52,0.923076923076923
../results/xgboost_xgboost_cross_y2/thre_0.08277.json,test,1441.4610017614948,0.9792967947004512,0.9793348837461815,"[[0.48, 0.05], [0.04, 0.43]]",7.577488899230957,154.2568359375,0.35292446967163216,-0.08828871906529878,154.4428253173828,0.049063391983509064,0.48,0.52,0.923076923076923
../results/xgboost_xgboost_cross_y2/thre_0.08277.json,train_pos,1650.7679463740124,0.9558359574558198,0.981191965127237,"[[0.0, 0.10416666666666667], [0.0, 0.8958333333333334]]",137.3261260986328,103.07083129882812,0.9761438410985523,0.37473229286842447,171.7034149169922,0.7997868061065674,1.0,0.0,inf
../results/xgboost_xgboost_cross_y2/thre_0.08277.json,val_pos,1650.7679463740124,0.9558359574558198,0.981191965127237,"[[0.0, 0.10416666666666667], [0.0, 0.8958333333333334]]",137.3261260986328,103.07083129882812,0.9761438410985523,0.37473229286842447,171.7034149169922,0.7997868061065674,1.0,0.0,inf
../results/xgboost_xgboost_cross_y2/thre_0.08277.json,test_pos,1650.7679463740124,0.9558359574558198,0.981191965127237,"[[0.0, 0.10416666666666667], [0.0, 0.8958333333333334]]",137.3261260986328,103.07083129882812,0.9761438410985523,0.37473229286842447,171.7034149169922,0.7997868061065674,1.0,0.0,inf
../results/xgboost_xgboost_cross_y2/thre_0.01364.json,train,3.413551050279387,0.9999534860146746,0.9999535591674059,"[[0.53, 0.0], [0.0, 0.47]]",7.788341522216797,171.84988403320312,0.3389656472330746,-0.07443830440724897,172.0262908935547,0.04527413472533226,0.47,0.53,0.8867924528301886
../results/xgboost_xgboost_cross_y2/thre_0.01364.json,val,3.413551050279387,0.9999534860146746,0.9999535591674059,"[[0.53, 0.0], [0.0, 0.47]]",7.788341522216797,171.84988403320312,0.3389656472330746,-0.07443830440724897,172.0262908935547,0.04527413472533226,0.47,0.53,0.8867924528301886
../results/xgboost_xgboost_cross_y2/thre_0.01364.json,test,3.413551050279387,0.9999534860146746,0.9999535591674059,"[[0.53, 0.0], [0.0, 0.47]]",7.788341522216797,171.84988403320312,0.3389656472330746,-0.07443830440724897,172.0262908935547,0.04527413472533226,0.47,0.53,0.8867924528301886
../results/xgboost_xgboost_cross_y2/thre_0.01364.json,train_pos,2.9998983691183727,0.9999084178189932,0.9999677336850563,[[1.0]],155.67706298828125,113.7657470703125,0.9564713746755857,0.370857252085683,192.81597900390625,0.8073867559432983,1.0,0.0,inf
../results/xgboost_xgboost_cross_y2/thre_0.01364.json,val_pos,2.9998983691183727,0.9999084178189932,0.9999677336850563,[[1.0]],155.67706298828125,113.7657470703125,0.9564713746755857,0.370857252085683,192.81597900390625,0.8073867559432983,1.0,0.0,inf
../results/xgboost_xgboost_cross_y2/thre_0.01364.json,test_pos,2.9998983691183727,0.9999084178189932,0.9999677336850563,[[1.0]],155.67706298828125,113.7657470703125,0.9564713746755857,0.370857252085683,192.81597900390625,0.8073867559432983,1.0,0.0,inf
../results/xgboost_xgboost_cross_y2/thre_0.05608.json,train,209.19834775040349,0.9967600891086532,0.9967654135464948,"[[0.52, 0.01], [0.01, 0.46]]",7.882413864135742,168.05714416503906,0.38059884183276443,0.019409222234542778,168.2418975830078,0.04685166850686073,0.47,0.53,0.8867924528301886
../results/xgboost_xgboost_cross_y2/thre_0.05608.json,val,209.19834775040349,0.9967600891086532,0.9967654135464948,"[[0.52, 0.01], [0.01, 0.46]]",7.882413864135742,168.05714416503906,0.38059884183276443,0.019409222234542778,168.2418975830078,0.04685166850686073,0.47,0.53,0.8867924528301886
../results/xgboost_xgboost_cross_y2/thre_0.05608.json,test,209.19834775040349,0.9967600891086532,0.9967654135464948,"[[0.52, 0.01], [0.01, 0.46]]",7.882413864135742,168.05714416503906,0.38059884183276443,0.019409222234542778,168.2418975830078,0.04685166850686073,0.47,0.53,0.8867924528301886
../results/xgboost_xgboost_cross_y2/thre_0.05608.json,train_pos,236.79904867828498,0.9915458384743697,0.9970105884640791,"[[0.0, 0.02127659574468085], [0.0, 0.9787234042553191]]",152.61024475097656,112.26885986328125,1.0697231118672497,0.5370580601331985,189.4575958251953,0.8055113554000854,1.0,0.0,inf
../results/xgboost_xgboost_cross_y2/thre_0.05608.json,val_pos,236.79904867828498,0.9915458384743697,0.9970105884640791,"[[0.0, 0.02127659574468085], [0.0, 0.9787234042553191]]",152.61024475097656,112.26885986328125,1.0697231118672497,0.5370580601331985,189.4575958251953,0.8055113554000854,1.0,0.0,inf
../results/xgboost_xgboost_cross_y2/thre_0.05608.json,test_pos,236.79904867828498,0.9915458384743697,0.9970105884640791,"[[0.0, 0.02127659574468085], [0.0, 0.9787234042553191]]",152.61024475097656,112.26885986328125,1.0697231118672497,0.5370580601331985,189.4575958251953,0.8055113554000854,1.0,0.0,inf
../results/xgboost_xgboost_cross_y2/thre_0.02778.json,train,13.628766479864264,0.9998074478365137,0.999807708017339,"[[0.53, 0.0], [0.0, 0.47]]",7.803168773651123,171.15878295898438,0.352694528261743,-0.06935642762003313,171.33657836914062,0.04554292559623718,0.47,0.53,0.8867924528301886
../results/xgboost_xgboost_cross_y2/thre_0.02778.json,val,13.628766479864264,0.9998074478365137,0.999807708017339,"[[0.53, 0.0], [0.0, 0.47]]",7.803168773651123,171.15878295898438,0.352694528261743,-0.06935642762003313,171.33657836914062,0.04554292559623718,0.47,0.53,0.8867924528301886
../results/xgboost_xgboost_cross_y2/thre_0.02778.json,test,13.628766479864264,0.9998074478365137,0.999807708017339,"[[0.53, 0.0], [0.0, 0.47]]",7.803168773651123,171.15878295898438,0.352694528261743,-0.06935642762003313,171.33657836914062,0.04554292559623718,0.47,0.53,0.8867924528301886
../results/xgboost_xgboost_cross_y2/thre_0.02778.json,train_pos,10.649947100140336,0.9996480486582292,0.9998766779355873,[[1.0]],155.13270568847656,113.76630401611328,0.9623996039418992,0.3749429113363991,192.37704467773438,0.8063992261886597,1.0,0.0,inf
../results/xgboost_xgboost_cross_y2/thre_0.02778.json,val_pos,10.649947100140336,0.9996480486582292,0.9998766779355873,[[1.0]],155.13270568847656,113.76630401611328,0.9623996039418992,0.3749429113363991,192.37704467773438,0.8063992261886597,1.0,0.0,inf
../results/xgboost_xgboost_cross_y2/thre_0.02778.json,test_pos,10.649947100140336,0.9996480486582292,0.9998766779355873,[[1.0]],155.13270568847656,113.76630401611328,0.9623996039418992,0.3749429113363991,192.37704467773438,0.8063992261886597,1.0,0.0,inf
../results/xgboost_xgboost_cross_y2/thre_0.03148.json,train,25.55959134491931,0.9996333456821188,0.9996339671240522,"[[0.53, 0.0], [0.0, 0.47]]",7.782167911529541,170.67054748535156,0.35851614867603737,-0.05351629553565429,170.84788513183594,0.04555027186870575,0.47,0.53,0.8867924528301886
../results/xgboost_xgboost_cross_y2/thre_0.03148.json,val,25.55959134491931,0.9996333456821188,0.9996339671240522,"[[0.53, 0.0], [0.0, 0.47]]",7.782167911529541,170.67054748535156,0.35851614867603737,-0.05351629553565429,170.84788513183594,0.04555027186870575,0.47,0.53,0.8867924528301886
../results/xgboost_xgboost_cross_y2/thre_0.03148.json,test,25.55959134491931,0.9996333456821188,0.9996339671240522,"[[0.53, 0.0], [0.0, 0.47]]",7.782167911529541,170.67054748535156,0.35851614867603737,-0.05351629553565429,170.84788513183594,0.04555027186870575,0.47,0.53,0.8867924528301886
../results/xgboost_xgboost_cross_y2/thre_0.03148.json,train_pos,25.99273334767032,0.9991095874867728,0.9996893107161205,[[1.0]],154.83026123046875,113.33777618408203,0.9930579708033649,0.4488627869408228,191.8798065185547,0.8069127202033997,1.0,0.0,inf
../results/xgboost_xgboost_cross_y2/thre_0.03148.json,val_pos,25.99273334767032,0.9991095874867728,0.9996893107161205,[[1.0]],154.83026123046875,113.33777618408203,0.9930579708033649,0.4488627869408228,191.8798065185547,0.8069127202033997,1.0,0.0,inf
../results/xgboost_xgboost_cross_y2/thre_0.03148.json,test_pos,25.99273334767032,0.9991095874867728,0.9996893107161205,[[1.0]],154.83026123046875,113.33777618408203,0.9930579708033649,0.4488627869408228,191.8798065185547,0.8069127202033997,1.0,0.0,inf
../results/xgboost_xgboost_cross_y1/thre_0.02331.json,train,25.423800275596655,0.9996921009822801,0.9996939418531563,"[[0.55, 0.0], [0.0, 0.45]]",15.552735328674316,180.9312744140625,0.39942022718315856,0.1460149278336429,181.59848022460938,0.08564352989196777,0.45,0.55,0.8181818181818181
../results/xgboost_xgboost_cross_y1/thre_0.02331.json,val,25.423800275596655,0.9996921009822801,0.9996939418531563,"[[0.55, 0.0], [0.0, 0.45]]",15.552735328674316,180.9312744140625,0.39942022718315856,0.1460149278336429,181.59848022460938,0.08564352989196777,0.45,0.55,0.8181818181818181
../results/xgboost_xgboost_cross_y1/thre_0.02331.json,test,25.423800275596655,0.9996921009822801,0.9996939418531563,"[[0.55, 0.0], [0.0, 0.45]]",15.552735328674316,180.9312744140625,0.39942022718315856,0.1460149278336429,181.59848022460938,0.08564352989196777,0.45,0.55,0.8181818181818181
../results/xgboost_xgboost_cross_y1/thre_0.02331.json,train_pos,22.47955895071266,0.9994874655499373,0.9998047092877735,[[1.0]],171.59703063964844,132.26641845703125,0.6462275608603726,-0.4947015181142227,216.65628051757812,0.7920242547988892,1.0,0.0,inf
../results/xgboost_xgboost_cross_y1/thre_0.02331.json,val_pos,22.47955895071266,0.9994874655499373,0.9998047092877735,[[1.0]],171.59703063964844,132.26641845703125,0.6462275608603726,-0.4947015181142227,216.65628051757812,0.7920242547988892,1.0,0.0,inf
../results/xgboost_xgboost_cross_y1/thre_0.02331.json,test_pos,22.47955895071266,0.9994874655499373,0.9998047092877735,[[1.0]],171.59703063964844,132.26641845703125,0.6462275608603726,-0.4947015181142227,216.65628051757812,0.7920242547988892,1.0,0.0,inf
../results/xgboost_xgboost_cross_y1/thre_0.02468.json,train,40.186142776946916,0.9995225076923933,0.9995253366417124,"[[0.55, 0.0], [0.0, 0.45]]",15.535383224487305,180.22821044921875,0.4033618133678537,0.14544210853448147,180.8965301513672,0.08587993681430817,0.45,0.55,0.8181818181818181
../results/xgboost_xgboost_cross_y1/thre_0.02468.json,val,40.186142776946916,0.9995225076923933,0.9995253366417124,"[[0.55, 0.0], [0.0, 0.45]]",15.535383224487305,180.22821044921875,0.4033618133678537,0.14544210853448147,180.8965301513672,0.08587993681430817,0.45,0.55,0.8181818181818181
../results/xgboost_xgboost_cross_y1/thre_0.02468.json,test,40.186142776946916,0.9995225076923933,0.9995253366417124,"[[0.55, 0.0], [0.0, 0.45]]",15.535383224487305,180.22821044921875,0.4033618133678537,0.14544210853448147,180.8965301513672,0.08587993681430817,0.45,0.55,0.8181818181818181
../results/xgboost_xgboost_cross_y1/thre_0.02468.json,train_pos,33.00212649748237,0.9992648645190834,0.9997250161568816,[[1.0]],171.2027130126953,131.70220947265625,0.6452798536460902,-0.4876641455411499,215.9996337890625,0.7926064729690552,1.0,0.0,inf
../results/xgboost_xgboost_cross_y1/thre_0.02468.json,val_pos,33.00212649748237,0.9992648645190834,0.9997250161568816,[[1.0]],171.2027130126953,131.70220947265625,0.6452798536460902,-0.4876641455411499,215.9996337890625,0.7926064729690552,1.0,0.0,inf
../results/xgboost_xgboost_cross_y1/thre_0.02468.json,test_pos,33.00212649748237,0.9992648645190834,0.9997250161568816,[[1.0]],171.2027130126953,131.70220947265625,0.6452798536460902,-0.4876641455411499,215.9996337890625,0.7926064729690552,1.0,0.0,inf
../results/xgboost_xgboost_cross_y1/thre_0.03701.json,train,163.56349502289586,0.9981619022094792,0.9981700828536209,"[[0.54, 0.01], [0.01, 0.44]]",15.602373123168945,176.48300170898438,0.45005882560580013,0.15258559387901816,177.1713409423828,0.08806375414133072,0.45,0.55,0.8181818181818181
../results/xgboost_xgboost_cross_y1/thre_0.03701.json,val,163.56349502289586,0.9981619022094792,0.9981700828536209,"[[0.54, 0.01], [0.01, 0.44]]",15.602373123168945,176.48300170898438,0.45005882560580013,0.15258559387901816,177.1713409423828,0.08806375414133072,0.45,0.55,0.8181818181818181
../results/xgboost_xgboost_cross_y1/thre_0.03701.json,test,163.56349502289586,0.9981619022094792,0.9981700828536209,"[[0.54, 0.01], [0.01, 0.44]]",15.602373123168945,176.48300170898438,0.45005882560580013,0.15258559387901816,177.1713409423828,0.08806375414133072,0.45,0.55,0.8181818181818181
../results/xgboost_xgboost_cross_y1/thre_0.03701.json,train_pos,169.37894991413657,0.9961402038467607,0.998558565439358,"[[0.0, 0.022222222222222223], [0.0, 0.9777777777777777]]",168.30677795410156,130.06199645996094,0.6822728387176433,-0.3885884074528154,212.70472717285156,0.7912695407867432,1.0,0.0,inf
../results/xgboost_xgboost_cross_y1/thre_0.03701.json,val_pos,169.37894991413657,0.9961402038467607,0.998558565439358,"[[0.0, 0.022222222222222223], [0.0, 0.9777777777777777]]",168.30677795410156,130.06199645996094,0.6822728387176433,-0.3885884074528154,212.70472717285156,0.7912695407867432,1.0,0.0,inf
../results/xgboost_xgboost_cross_y1/thre_0.03701.json,test_pos,169.37894991413657,0.9961402038467607,0.998558565439358,"[[0.0, 0.022222222222222223], [0.0, 0.9777777777777777]]",168.30677795410156,130.06199645996094,0.6822728387176433,-0.3885884074528154,212.70472717285156,0.7912695407867432,1.0,0.0,inf
../results/xgboost_xgboost_cross_y1/thre_0.00599.json,train,1.0125474083822859,0.9999896833540295,0.9999897177894399,"[[0.55, 0.0], [0.0, 0.45]]",15.594072341918945,182.60302734375,0.38183862663385265,0.15012009666815196,183.26768493652344,0.08508904278278351,0.45,0.55,0.8181818181818181
../results/xgboost_xgboost_cross_y1/thre_0.00599.json,val,1.0125474083822859,0.9999896833540295,0.9999897177894399,"[[0.55, 0.0], [0.0, 0.45]]",15.594072341918945,182.60302734375,0.38183862663385265,0.15012009666815196,183.26768493652344,0.08508904278278351,0.45,0.55,0.8181818181818181
../results/xgboost_xgboost_cross_y1/thre_0.00599.json,test,1.0125474083822859,0.9999896833540295,0.9999897177894399,"[[0.55, 0.0], [0.0, 0.45]]",15.594072341918945,182.60302734375,0.38183862663385265,0.15012009666815196,183.26768493652344,0.08508904278278351,0.45,0.55,0.8181818181818181
../results/xgboost_xgboost_cross_y1/thre_0.00599.json,train_pos,1.048688491979793,0.9999810481797634,0.9999917817907441,[[1.0]],172.986328125,132.88450622558594,0.6471282001649419,-0.49548837955592306,218.13427734375,0.7930268049240112,1.0,0.0,inf
../results/xgboost_xgboost_cross_y1/thre_0.00599.json,val_pos,1.048688491979793,0.9999810481797634,0.9999917817907441,[[1.0]],172.986328125,132.88450622558594,0.6471282001649419,-0.49548837955592306,218.13427734375,0.7930268049240112,1.0,0.0,inf
../results/xgboost_xgboost_cross_y1/thre_0.00599.json,test_pos,1.048688491979793,0.9999810481797634,0.9999917817907441,[[1.0]],172.986328125,132.88450622558594,0.6471282001649419,-0.49548837955592306,218.13427734375,0.7930268049240112,1.0,0.0,inf
../results/xgboost_xgboost_cross_y1/thre_0.01234.json,train,2.9291316260599314,0.9999667850745564,0.999966965103838,"[[0.55, 0.0], [0.0, 0.45]]",15.585951805114746,182.32772827148438,0.3848052603176975,0.15006189536577175,182.99266052246094,0.08517254889011383,0.45,0.55,0.8181818181818181
../results/xgboost_xgboost_cross_y1/thre_0.01234.json,val,2.9291316260599314,0.9999667850745564,0.999966965103838,"[[0.55, 0.0], [0.0, 0.45]]",15.585951805114746,182.32772827148438,0.3848052603176975,0.15006189536577175,182.99266052246094,0.08517254889011383,0.45,0.55,0.8181818181818181
../results/xgboost_xgboost_cross_y1/thre_0.01234.json,test,2.9291316260599314,0.9999667850745564,0.999966965103838,"[[0.55, 0.0], [0.0, 0.45]]",15.585951805114746,182.32772827148438,0.3848052603176975,0.15006189536577175,182.99266052246094,0.08517254889011383,0.45,0.55,0.8181818181818181
../results/xgboost_xgboost_cross_y1/thre_0.01234.json,train_pos,2.7588324982387102,0.9999379380215123,0.9999770667223518,[[1.0]],172.99618530273438,132.4762420654297,0.653753032584184,-0.4763466816503339,217.8936309814453,0.7939478754997253,1.0,0.0,inf
../results/xgboost_xgboost_cross_y1/thre_0.01234.json,val_pos,2.7588324982387102,0.9999379380215123,0.9999770667223518,[[1.0]],172.99618530273438,132.4762420654297,0.653753032584184,-0.4763466816503339,217.8936309814453,0.7939478754997253,1.0,0.0,inf
../results/xgboost_xgboost_cross_y1/thre_0.01234.json,test_pos,2.7588324982387102,0.9999379380215123,0.9999770667223518,[[1.0]],172.99618530273438,132.4762420654297,0.653753032584184,-0.4763466816503339,217.8936309814453,0.7939478754997253,1.0,0.0,inf
../results/xgboost_xgboost_cross_y1/thre_0.04237.json,train,275.7650944406036,0.9967740152545306,0.9967909851754195,"[[0.54, 0.01], [0.0, 0.45]]",15.544107437133789,174.8570556640625,0.460186195651381,0.17909814962070225,175.5465850830078,0.08854690939188004,0.46,0.54,0.8518518518518519
../results/xgboost_xgboost_cross_y1/thre_0.04237.json,val,275.7650944406036,0.9967740152545306,0.9967909851754195,"[[0.54, 0.01], [0.0, 0.45]]",15.544107437133789,174.8570556640625,0.460186195651381,0.17909814962070225,175.5465850830078,0.08854690939188004,0.46,0.54,0.8518518518518519
../results/xgboost_xgboost_cross_y1/thre_0.04237.json,test,275.7650944406036,0.9967740152545306,0.9967909851754195,"[[0.54, 0.01], [0.0, 0.45]]",15.544107437133789,174.8570556640625,0.460186195651381,0.17909814962070225,175.5465850830078,0.08854690939188004,0.46,0.54,0.8518518518518519
../results/xgboost_xgboost_cross_y1/thre_0.04237.json,train_pos,265.6001147354077,0.9939821292542802,0.9976738965103513,"[[0.0, 0.021739130434782608], [0.0, 0.9782608695652174]]",163.4548797607422,129.9410400390625,0.7050355942984445,-0.3696241445203028,208.8113555908203,0.7827873229980469,1.0,0.0,inf
../results/xgboost_xgboost_cross_y1/thre_0.04237.json,val_pos,265.6001147354077,0.9939821292542802,0.9976738965103513,"[[0.0, 0.021739130434782608], [0.0, 0.9782608695652174]]",163.4548797607422,129.9410400390625,0.7050355942984445,-0.3696241445203028,208.8113555908203,0.7827873229980469,1.0,0.0,inf
../results/xgboost_xgboost_cross_y1/thre_0.04237.json,test_pos,265.6001147354077,0.9939821292542802,0.9976738965103513,"[[0.0, 0.021739130434782608], [0.0, 0.9782608695652174]]",163.4548797607422,129.9410400390625,0.7050355942984445,-0.3696241445203028,208.8113555908203,0.7827873229980469,1.0,0.0,inf
../results/xgboost_xgboost_cross_y1/results.json,train,0.5580575675568581,0.9999953500934335,0.9999953134656235,"[[0.55, 0.0], [0.0, 0.45]]",15.596431732177734,182.67410278320312,0.38072446444060537,0.14818898664819313,183.33868408203125,0.0850689634680748,0.45,0.55,0.8181818181818181
../results/xgboost_xgboost_cross_y1/results.json,val,0.5580575675568581,0.9999953500934335,0.9999953134656235,"[[0.55, 0.0], [0.0, 0.45]]",15.596431732177734,182.67410278320312,0.38072446444060537,0.14818898664819313,183.33868408203125,0.0850689634680748,0.45,0.55,0.8181818181818181
../results/xgboost_xgboost_cross_y1/results.json,test,0.5580575675568581,0.9999953500934335,0.9999953134656235,"[[0.55, 0.0], [0.0, 0.45]]",15.596431732177734,182.67410278320312,0.38072446444060537,0.14818898664819313,183.33868408203125,0.0850689634680748,0.45,0.55,0.8181818181818181
../results/xgboost_xgboost_cross_y1/results.json,train_pos,0.532929856277546,0.9999912574329969,0.9999964797052368,[[1.0]],173.1482696533203,132.79083251953125,0.6464297342755582,-0.4942553380126302,218.20571899414062,0.793509304523468,1.0,0.0,inf
../results/xgboost_xgboost_cross_y1/results.json,val_pos,0.532929856277546,0.9999912574329969,0.9999964797052368,[[1.0]],173.1482696533203,132.79083251953125,0.6464297342755582,-0.4942553380126302,218.20571899414062,0.793509304523468,1.0,0.0,inf
../results/xgboost_xgboost_cross_y1/results.json,test_pos,0.532929856277546,0.9999912574329969,0.9999964797052368,[[1.0]],173.1482696533203,132.79083251953125,0.6464297342755582,-0.4942553380126302,218.20571899414062,0.793509304523468,1.0,0.0,inf
../results/xgboost_xgboost_cross_y1/thre_0.05580.json,train,410.54388797841307,0.9952301696737954,0.9952531960038759,"[[0.52, 0.03], [0.01, 0.44]]",15.592611312866211,172.7451171875,0.509985331439735,0.1881020393467594,173.44741821289062,0.08989820629358292,0.47,0.53,0.8867924528301886
../results/xgboost_xgboost_cross_y1/thre_0.05580.json,val,410.54388797841307,0.9952301696737954,0.9952531960038759,"[[0.52, 0.03], [0.01, 0.44]]",15.592611312866211,172.7451171875,0.509985331439735,0.1881020393467594,173.44741821289062,0.08989820629358292,0.47,0.53,0.8867924528301886
../results/xgboost_xgboost_cross_y1/thre_0.05580.json,test,410.54388797841307,0.9952301696737954,0.9952531960038759,"[[0.52, 0.03], [0.01, 0.44]]",15.592611312866211,172.7451171875,0.509985331439735,0.1881020393467594,173.44741821289062,0.08989820629358292,0.47,0.53,0.8867924528301886
../results/xgboost_xgboost_cross_y1/thre_0.05580.json,train_pos,378.1042083908884,0.9916581374468053,0.9965767715437536,"[[0.0, 0.06382978723404255], [0.0, 0.9361702127659575]]",157.50009155273438,131.46359252929688,0.7331128833925153,-0.35397342011032773,205.1559295654297,0.7677091956138611,1.0,0.0,inf
../results/xgboost_xgboost_cross_y1/thre_0.05580.json,val_pos,378.1042083908884,0.9916581374468053,0.9965767715437536,"[[0.0, 0.06382978723404255], [0.0, 0.9361702127659575]]",157.50009155273438,131.46359252929688,0.7331128833925153,-0.35397342011032773,205.1559295654297,0.7677091956138611,1.0,0.0,inf
../results/xgboost_xgboost_cross_y1/thre_0.05580.json,test_pos,378.1042083908884,0.9916581374468053,0.9965767715437536,"[[0.0, 0.06382978723404255], [0.0, 0.9361702127659575]]",157.50009155273438,131.46359252929688,0.7331128833925153,-0.35397342011032773,205.1559295654297,0.7677091956138611,1.0,0.0,inf
../results/xgboost_xgboost_cross_y1/thre_0.03398.json,train,164.87428760678006,0.9981172734572679,0.9981272695019856,"[[0.55, 0.0], [0.01, 0.44]]",15.524311065673828,176.6085662841797,0.46228866272449837,0.15327130811117362,177.28955078125,0.08756472915410995,0.44,0.56,0.7857142857142857
../results/xgboost_xgboost_cross_y1/thre_0.03398.json,val,164.87428760678006,0.9981172734572679,0.9981272695019856,"[[0.55, 0.0], [0.01, 0.44]]",15.524311065673828,176.6085662841797,0.46228866272449837,0.15327130811117362,177.28955078125,0.08756472915410995,0.44,0.56,0.7857142857142857
../results/xgboost_xgboost_cross_y1/thre_0.03398.json,test,164.87428760678006,0.9981172734572679,0.9981272695019856,"[[0.55, 0.0], [0.01, 0.44]]",15.524311065673828,176.6085662841797,0.46228866272449837,0.15327130811117362,177.28955078125,0.08756472915410995,0.44,0.56,0.7857142857142857
../results/xgboost_xgboost_cross_y1/thre_0.03398.json,train_pos,163.43197923203903,0.9961710416977918,0.9986093783435417,[[1.0]],172.17225646972656,129.7030487060547,0.6719491423468894,-0.43431884521916064,215.56011962890625,0.7987203598022461,1.0,0.0,inf
../results/xgboost_xgboost_cross_y1/thre_0.03398.json,val_pos,163.43197923203903,0.9961710416977918,0.9986093783435417,[[1.0]],172.17225646972656,129.7030487060547,0.6719491423468894,-0.43431884521916064,215.56011962890625,0.7987203598022461,1.0,0.0,inf
../results/xgboost_xgboost_cross_y1/thre_0.03398.json,test_pos,163.43197923203903,0.9961710416977918,0.9986093783435417,[[1.0]],172.17225646972656,129.7030487060547,0.6719491423468894,-0.43431884521916064,215.56011962890625,0.7987203598022461,1.0,0.0,inf
../results/xgboost_xgboost_cross_y1/thre_0.00000.json,train,0.5580575675568581,0.9999953500934335,0.9999953134656235,"[[0.55, 0.0], [0.0, 0.45]]",15.596431732177734,182.67410278320312,0.38072446444060537,0.14818898664819313,183.33868408203125,0.0850689634680748,0.45,0.55,0.8181818181818181
../results/xgboost_xgboost_cross_y1/thre_0.00000.json,val,0.5580575675568581,0.9999953500934335,0.9999953134656235,"[[0.55, 0.0], [0.0, 0.45]]",15.596431732177734,182.67410278320312,0.38072446444060537,0.14818898664819313,183.33868408203125,0.0850689634680748,0.45,0.55,0.8181818181818181
../results/xgboost_xgboost_cross_y1/thre_0.00000.json,test,0.5580575675568581,0.9999953500934335,0.9999953134656235,"[[0.55, 0.0], [0.0, 0.45]]",15.596431732177734,182.67410278320312,0.38072446444060537,0.14818898664819313,183.33868408203125,0.0850689634680748,0.45,0.55,0.8181818181818181
../results/xgboost_xgboost_cross_y1/thre_0.00000.json,train_pos,0.532929856277546,0.9999912574329969,0.9999964797052368,[[1.0]],173.1482696533203,132.79083251953125,0.6464297342755582,-0.4942553380126302,218.20571899414062,0.793509304523468,1.0,0.0,inf
../results/xgboost_xgboost_cross_y1/thre_0.00000.json,val_pos,0.532929856277546,0.9999912574329969,0.9999964797052368,[[1.0]],173.1482696533203,132.79083251953125,0.6464297342755582,-0.4942553380126302,218.20571899414062,0.793509304523468,1.0,0.0,inf
../results/xgboost_xgboost_cross_y1/thre_0.00000.json,test_pos,0.532929856277546,0.9999912574329969,0.9999964797052368,[[1.0]],173.1482696533203,132.79083251953125,0.6464297342755582,-0.4942553380126302,218.20571899414062,0.793509304523468,1.0,0.0,inf
../results/xgboost_xgboost_cross_y1/thre_0.12338.json,train,4041.4650038387776,0.9509834558212443,0.9511804031018323,"[[0.45, 0.1], [0.01, 0.44]]",15.722569465637207,145.3322296142578,0.49478524869764823,0.20477388270992458,146.1802215576172,0.1075560674071312,0.54,0.46,1.173913043478261
../results/xgboost_xgboost_cross_y1/thre_0.12338.json,val,4041.4650038387776,0.9509834558212443,0.9511804031018323,"[[0.45, 0.1], [0.01, 0.44]]",15.722569465637207,145.3322296142578,0.49478524869764823,0.20477388270992458,146.1802215576172,0.1075560674071312,0.54,0.46,1.173913043478261
../results/xgboost_xgboost_cross_y1/thre_0.12338.json,test,4041.4650038387776,0.9509834558212443,0.9511804031018323,"[[0.45, 0.1], [0.01, 0.44]]",15.722569465637207,145.3322296142578,0.49478524869764823,0.20477388270992458,146.1802215576172,0.1075560674071312,0.54,0.46,1.173913043478261
../results/xgboost_xgboost_cross_y1/thre_0.12338.json,train_pos,4860.657935314386,0.9013299364703213,0.9483453767658596,"[[0.0, 0.18518518518518517], [0.0, 0.8148148148148148]]",118.34490203857422,109.9195785522461,1.0197493031989149,-0.16695953559958632,161.51727294921875,0.7327073812484741,1.0,0.0,inf
../results/xgboost_xgboost_cross_y1/thre_0.12338.json,val_pos,4860.657935314386,0.9013299364703213,0.9483453767658596,"[[0.0, 0.18518518518518517], [0.0, 0.8148148148148148]]",118.34490203857422,109.9195785522461,1.0197493031989149,-0.16695953559958632,161.51727294921875,0.7327073812484741,1.0,0.0,inf
../results/xgboost_xgboost_cross_y1/thre_0.12338.json,test_pos,4860.657935314386,0.9013299364703213,0.9483453767658596,"[[0.0, 0.18518518518518517], [0.0, 0.8148148148148148]]",118.34490203857422,109.9195785522461,1.0197493031989149,-0.16695953559958632,161.51727294921875,0.7327073812484741,1.0,0.0,inf
../results/xgboost_xgboost_cross_y1/thre_0.07357.json,train,1679.738030133314,0.9808788788759263,0.9809473301178522,"[[0.47, 0.08], [0.01, 0.44]]",15.749136924743652,159.44712829589844,0.5034309473765245,0.20191196947506462,160.22303771972656,0.09829508513212204,0.52,0.48,1.0833333333333335
../results/xgboost_xgboost_cross_y1/thre_0.07357.json,val,1679.738030133314,0.9808788788759263,0.9809473301178522,"[[0.47, 0.08], [0.01, 0.44]]",15.749136924743652,159.44712829589844,0.5034309473765245,0.20191196947506462,160.22303771972656,0.09829508513212204,0.52,0.48,1.0833333333333335
../results/xgboost_xgboost_cross_y1/thre_0.07357.json,test,1679.738030133314,0.9808788788759263,0.9809473301178522,"[[0.47, 0.08], [0.01, 0.44]]",15.749136924743652,159.44712829589844,0.5034309473765245,0.20191196947506462,160.22303771972656,0.09829508513212204,0.52,0.48,1.0833333333333335
../results/xgboost_xgboost_cross_y1/thre_0.07357.json,train_pos,2139.9096955109944,0.9549164699861953,0.9785237619285231,"[[0.0, 0.15384615384615385], [0.0, 0.8461538461538461]]",132.43650817871094,121.74320220947266,0.933049171274546,-0.19431751927453034,179.8911895751953,0.7362034320831299,1.0,0.0,inf
../results/xgboost_xgboost_cross_y1/thre_0.07357.json,val_pos,2139.9096955109944,0.9549164699861953,0.9785237619285231,"[[0.0, 0.15384615384615385], [0.0, 0.8461538461538461]]",132.43650817871094,121.74320220947266,0.933049171274546,-0.19431751927453034,179.8911895751953,0.7362034320831299,1.0,0.0,inf
../results/xgboost_xgboost_cross_y1/thre_0.07357.json,test_pos,2139.9096955109944,0.9549164699861953,0.9785237619285231,"[[0.0, 0.15384615384615385], [0.0, 0.8461538461538461]]",132.43650817871094,121.74320220947266,0.933049171274546,-0.19431751927453034,179.8911895751953,0.7362034320831299,1.0,0.0,inf
../results/xgboost_xgboost_cross_y1/thre_0.02704.json,train,142.29566553189804,0.9983805749786651,0.9983886538411102,"[[0.55, 0.0], [0.0, 0.45]]",15.562413215637207,177.06753540039062,0.4565282178608609,0.15176437755261096,177.75009155273438,0.08755221217870712,0.45,0.55,0.8181818181818181
../results/xgboost_xgboost_cross_y1/thre_0.02704.json,val,142.29566553189804,0.9983805749786651,0.9983886538411102,"[[0.55, 0.0], [0.0, 0.45]]",15.562413215637207,177.06753540039062,0.4565282178608609,0.15176437755261096,177.75009155273438,0.08755221217870712,0.45,0.55,0.8181818181818181
../results/xgboost_xgboost_cross_y1/thre_0.02704.json,test,142.29566553189804,0.9983805749786651,0.9983886538411102,"[[0.55, 0.0], [0.0, 0.45]]",15.562413215637207,177.06753540039062,0.4565282178608609,0.15176437755261096,177.75009155273438,0.08755221217870712,0.45,0.55,0.8181818181818181
../results/xgboost_xgboost_cross_y1/thre_0.02704.json,train_pos,111.00073345157224,0.9976396130218812,0.999089963580738,[[1.0]],168.55801391601562,131.1171112060547,0.6717828529702671,-0.43741041451833285,213.54977416992188,0.789314866065979,1.0,0.0,inf
../results/xgboost_xgboost_cross_y1/thre_0.02704.json,val_pos,111.00073345157224,0.9976396130218812,0.999089963580738,[[1.0]],168.55801391601562,131.1171112060547,0.6717828529702671,-0.43741041451833285,213.54977416992188,0.789314866065979,1.0,0.0,inf
../results/xgboost_xgboost_cross_y1/thre_0.02704.json,test_pos,111.00073345157224,0.9976396130218812,0.999089963580738,[[1.0]],168.55801391601562,131.1171112060547,0.6717828529702671,-0.43741041451833285,213.54977416992188,0.789314866065979,1.0,0.0,inf
../results/xgboost_xgboost_cross_y1/thre_0.04950.json,train,278.854798484454,0.9966556943894452,0.9966747999852454,"[[0.55, 0.0], [0.01, 0.44]]",15.499463081359863,175.15460205078125,0.459301091944143,0.18388242307781288,175.8390655517578,0.08814573287963867,0.44,0.56,0.7857142857142857
../results/xgboost_xgboost_cross_y1/thre_0.04950.json,val,278.854798484454,0.9966556943894452,0.9966747999852454,"[[0.55, 0.0], [0.01, 0.44]]",15.499463081359863,175.15460205078125,0.459301091944143,0.18388242307781288,175.8390655517578,0.08814573287963867,0.44,0.56,0.7857142857142857
../results/xgboost_xgboost_cross_y1/thre_0.04950.json,test,278.854798484454,0.9966556943894452,0.9966747999852454,"[[0.55, 0.0], [0.01, 0.44]]",15.499463081359863,175.15460205078125,0.459301091944143,0.18388242307781288,175.8390655517578,0.08814573287963867,0.44,0.56,0.7857142857142857
../results/xgboost_xgboost_cross_y1/thre_0.04950.json,train_pos,330.32186614001216,0.991844234469863,0.9970763417129248,[[1.0]],171.1133575439453,128.1360626220703,0.6981787873066198,-0.36876228005640055,213.77239990234375,0.8004464507102966,1.0,0.0,inf
../results/xgboost_xgboost_cross_y1/thre_0.04950.json,val_pos,330.32186614001216,0.991844234469863,0.9970763417129248,[[1.0]],171.1133575439453,128.1360626220703,0.6981787873066198,-0.36876228005640055,213.77239990234375,0.8004464507102966,1.0,0.0,inf
../results/xgboost_xgboost_cross_y1/thre_0.04950.json,test_pos,330.32186614001216,0.991844234469863,0.9970763417129248,[[1.0]],171.1133575439453,128.1360626220703,0.6981787873066198,-0.36876228005640055,213.77239990234375,0.8004464507102966,1.0,0.0,inf
../results/xgboost_xgboost_cross_y1/thre_0.01159.json,train,3.8167214070250997,0.9999573495842156,0.9999576353968339,"[[0.55, 0.0], [0.0, 0.45]]",15.557101249694824,182.1859130859375,0.3875427783853636,0.14961380468378982,182.8489227294922,0.08508171886205673,0.45,0.55,0.8181818181818181
../results/xgboost_xgboost_cross_y1/thre_0.01159.json,val,3.8167214070250997,0.9999573495842156,0.9999576353968339,"[[0.55, 0.0], [0.0, 0.45]]",15.557101249694824,182.1859130859375,0.3875427783853636,0.14961380468378982,182.8489227294922,0.08508171886205673,0.45,0.55,0.8181818181818181
../results/xgboost_xgboost_cross_y1/thre_0.01159.json,test,3.8167214070250997,0.9999573495842156,0.9999576353968339,"[[0.55, 0.0], [0.0, 0.45]]",15.557101249694824,182.1859130859375,0.3875427783853636,0.14961380468378982,182.8489227294922,0.08508171886205673,0.45,0.55,0.8181818181818181
../results/xgboost_xgboost_cross_y1/thre_0.01159.json,train_pos,3.5097335694848657,0.9999247293321206,0.999971594287067,[[1.0]],172.74659729003906,132.57460021972656,0.6533065235681222,-0.4825826766405745,217.75538635253906,0.7933057546615601,1.0,0.0,inf
../results/xgboost_xgboost_cross_y1/thre_0.01159.json,val_pos,3.5097335694848657,0.9999247293321206,0.999971594287067,[[1.0]],172.74659729003906,132.57460021972656,0.6533065235681222,-0.4825826766405745,217.75538635253906,0.7933057546615601,1.0,0.0,inf
../results/xgboost_xgboost_cross_y1/thre_0.01159.json,test_pos,3.5097335694848657,0.9999247293321206,0.999971594287067,[[1.0]],172.74659729003906,132.57460021972656,0.6533065235681222,-0.4825826766405745,217.75538635253906,0.7933057546615601,1.0,0.0,inf
../results/xgboost_xgboost_cross_y1/thre_0.01749.json,train,16.336739131501574,0.9998083972721705,0.9998094135265645,"[[0.55, 0.0], [0.0, 0.45]]",15.565169334411621,181.2698974609375,0.39209749104778996,0.14644139315445281,181.9369354248047,0.08555255085229874,0.45,0.55,0.8181818181818181
../results/xgboost_xgboost_cross_y1/thre_0.01749.json,val,16.336739131501574,0.9998083972721705,0.9998094135265645,"[[0.55, 0.0], [0.0, 0.45]]",15.565169334411621,181.2698974609375,0.39209749104778996,0.14644139315445281,181.9369354248047,0.08555255085229874,0.45,0.55,0.8181818181818181
../results/xgboost_xgboost_cross_y1/thre_0.01749.json,test,16.336739131501574,0.9998083972721705,0.9998094135265645,"[[0.55, 0.0], [0.0, 0.45]]",15.565169334411621,181.2698974609375,0.39209749104778996,0.14644139315445281,181.9369354248047,0.08555255085229874,0.45,0.55,0.8181818181818181
../results/xgboost_xgboost_cross_y1/thre_0.01749.json,train_pos,15.013801210705752,0.9996697836098245,0.9998748153847524,[[1.0]],171.8841552734375,132.2558135986328,0.6455035415826976,-0.5026709137417091,216.87730407714844,0.7925410270690918,1.0,0.0,inf
../results/xgboost_xgboost_cross_y1/thre_0.01749.json,val_pos,15.013801210705752,0.9996697836098245,0.9998748153847524,[[1.0]],171.8841552734375,132.2558135986328,0.6455035415826976,-0.5026709137417091,216.87730407714844,0.7925410270690918,1.0,0.0,inf
../results/xgboost_xgboost_cross_y1/thre_0.01749.json,test_pos,15.013801210705752,0.9996697836098245,0.9998748153847524,[[1.0]],171.8841552734375,132.2558135986328,0.6455035415826976,-0.5026709137417091,216.87730407714844,0.7925410270690918,1.0,0.0,inf
